Datetime,Ticker,Action,ShareAmount,Value,YFSharePrice,AlgoType
2021-09-09 10:25:04.301858,AKAM,BUY,0.44120000,50.00,113.29000091552734,Stoch
 2021-09-17 15:25:03.599945,AMCR,BUY,24.34751578662474,0,11.845000267028809,RSI
2021-09-17 15:25:03.891239,AEP,BUY,14.123380412877225,0,84.65499877929688,RSI
2021-09-20 11:47:18.990240,ACN,BUY,22.059732727862567,0,331.8299865722656,RSI
2021-09-20 11:47:19.613108,AFL,BUY,15.45737068901154,0,52.029998779296875,RSI
2021-09-20 11:47:19.807296,APD,BUY,19.975810298377866,0,257.14898681640625,RSI
2021-09-20 11:47:20.749543,GOOG,BUY,24.948668141425884,0,2764.179931640625,RSI
2021-09-20 11:47:20.933608,AMZN,BUY,24.80590821416388,0,3357.419921875,RSI
2021-09-20 11:47:21.042167,AMCR,BUY,22.848442383113564,0,11.795000076293945,RSI
2021-09-20 11:47:21.361540,AEP,BUY,11.262781763352848,0,83.45999908447266,RSI
2021-09-20 11:47:21.824131,AMP,BUY,20.429516239282492,0,256.18499755859375,RSI
2021-09-20 11:47:22.008740,AME,BUY,20.57688608959785,0,127.08999633789062,RSI
2021-09-20 11:47:22.711892,AOS,BUY,17.212067937318167,0,63.58000183105469,RSI
2021-09-20 11:47:22.907795,AAPL,BUY,22.63439732280648,0,142.80999755859375,RSI
2021-09-20 11:47:23.703291,AIZ,BUY,17.558653806066246,0,157.4499969482422,RSI
2021-09-20 11:47:24.358240,AVY,BUY,16.942102692503042,0,211.75,RSI
2021-09-20 11:47:24.664757,BAC,BUY,24.986087971856293,0,38.89500045776367,RSI
2021-09-20 11:47:25.111616,BBY,BUY,23.533705642683444,0,106.30000305175781,RSI
2021-09-20 11:47:25.475384,BLK,BUY,21.361003939911328,0,849.7899780273438,RSI
2021-09-20 11:47:25.577034,BK,BUY,24.022933057341064,0,48.939998626708984,RSI
2021-09-20 11:47:27.617581,CAT,BUY,16.83619923654608,0,190.1699981689453,RSI
2021-09-20 11:47:28.016810,CE,BUY,21.223879567424802,0,142.80999755859375,RSI
2021-09-20 11:47:28.574383,SCHW,BUY,23.969445211989125,0,68.02999877929688,RSI
2021-09-20 11:47:29.211380,CINF,BUY,20.996867916018203,0,113.38999938964844,RSI
2021-09-20 11:47:29.597119,C,BUY,18.832039570679328,0,66.73999786376953,RSI
2021-09-20 11:47:29.716871,CFG,BUY,23.83126786131365,0,41.650001525878906,RSI
2021-09-20 11:47:31.833921,CSX,BUY,22.666943042704986,0,29.809999465942383,RSI
2021-09-20 11:47:31.925419,CMI,BUY,18.33103629976604,0,220.23849487304688,RSI
2021-09-20 11:47:32.824301,XRAY,BUY,21.61561409591704,0,59.54999923706055,RSI
2021-09-20 11:47:34.259017,DOW,BUY,16.686829459845143,0,56.07500076293945,RSI
2021-09-20 11:47:34.361038,DTE,BUY,22.21623426748971,0,113.875,RSI
2021-09-20 11:47:34.579639,DRE,BUY,24.486192718202616,0,49.19499969482422,RSI
2021-09-20 11:47:34.664631,DD,BUY,24.376623283117596,0,66.66999816894531,RSI
2021-09-20 11:47:34.871466,EMN,BUY,22.172747473912167,0,99.5,RSI
2021-09-20 11:47:35.159686,ECL,BUY,20.810903246035068,0,216.28500366210938,RSI
2021-09-20 11:47:35.436993,EA,BUY,20.91956749107969,0,130.9499969482422,RSI
2021-09-20 11:47:35.534018,EMR,BUY,18.15678153382474,0,93.8949966430664,RSI
2021-09-20 11:47:36.277315,EL,BUY,18.930947964966876,0,312.17999267578125,RSI
2021-09-20 11:47:36.952651,EXPD,BUY,22.037283774027173,0,121.06999969482422,RSI
2021-09-20 11:47:37.365002,FB,BUY,21.213305025657945,0,353.760009765625,RSI
2021-09-20 11:47:37.849553,FITB,BUY,23.54082323870098,0,38.2400016784668,RSI
2021-09-20 11:47:37.936788,FE,BUY,21.723334926706713,0,36.560001373291016,RSI
2021-09-20 11:47:38.030231,FRC,BUY,21.497575157022226,0,193.3000030517578,RSI
2021-09-20 11:47:38.626307,FTV,BUY,19.620617493948842,0,71.62000274658203,RSI
2021-09-20 11:47:38.998269,BEN,BUY,13.331329804705007,0,29.584999084472656,RSI
2021-09-20 11:47:39.478705,GNRC,BUY,22.612001008956028,0,416.8500061035156,RSI
2021-09-20 11:47:40.185193,GL,BUY,14.619983376158544,0,86.77999877929688,RSI
2021-09-20 11:47:40.379900,GS,BUY,15.488343567487846,0,375.8699951171875,RSI
2021-09-20 11:47:41.262781,HSIC,BUY,23.915616949930197,0,75.8499984741211,RSI
2021-09-20 11:47:41.537055,HPE,BUY,23.806536898739537,0,13.21500015258789,RSI
2021-09-20 11:47:42.618454,HBAN,BUY,20.824024165936677,0,14.3149995803833,RSI
2021-09-20 11:47:43.784154,IP,BUY,18.783417609904063,0,55.099998474121094,RSI
2021-09-20 11:47:43.969250,IFF,BUY,21.860464943103935,0,135.41000366210938,RSI
2021-09-20 11:47:44.358989,IPGP,BUY,20.531309698375495,0,161.86000061035156,RSI
2021-09-20 11:47:44.763157,J,BUY,17.966828964966993,0,127.41000366210938,RSI
2021-09-20 11:47:45.130873,JCI,BUY,23.11060432393414,0,72.5199966430664,RSI
2021-09-20 11:47:45.221352,JPM,BUY,18.301623716270356,0,152.52999877929688,RSI
2021-09-20 11:47:45.413835,KSU,BUY,18.502884979949755,0,270.7749938964844,RSI
2021-09-20 11:47:45.613175,KEY,BUY,20.97993678343984,0,19.7549991607666,RSI
2021-09-20 11:47:45.710361,KEYS,BUY,22.792324128854162,0,173.8699951171875,RSI
2021-09-20 11:47:47.701837,L,BUY,19.640215452781447,0,51.900001525878906,RSI
2021-09-20 11:47:47.966966,LYB,BUY,20.44990279578971,0,89.37000274658203,RSI
2021-09-20 11:47:48.611143,MMC,BUY,19.584075988462814,0,154.32000732421875,RSI
2021-09-20 11:47:48.698304,MLM,BUY,19.159163472432624,0,340.8900146484375,RSI
2021-09-20 11:47:48.790905,MAS,BUY,24.202006591360217,0,56.38999938964844,RSI
2021-09-20 11:47:49.499614,MET,BUY,21.593265105500308,0,59.154998779296875,RSI
2021-09-20 11:47:50.656020,MNST,BUY,24.095759558159173,0,93.01000213623047,RSI
2021-09-20 11:47:50.849979,MS,BUY,18.033962480469953,0,97.9800033569336,RSI
2021-09-20 11:47:54.079333,NWL,BUY,21.47906944478987,0,24.079999923706055,RSI
2021-09-20 11:47:57.666727,NLSN,BUY,13.244141680565747,0,19.299999237060547,RSI
2021-09-20 11:47:58.454021,NKE,BUY,21.181302899020977,0,154.5399932861328,RSI
2021-09-20 11:48:00.602016,NTRS,BUY,14.593627315192634,0,104.94000244140625,RSI
2021-09-20 11:48:01.949057,NLOK,BUY,24.440780232107258,0,25.21500015258789,RSI
2021-09-20 11:48:03.944162,NRG,BUY,16.158620474269696,0,41.290000915527344,RSI
2021-09-20 11:48:04.781290,NUE,BUY,12.97350647902347,0,96.5250015258789,RSI
2021-09-20 11:48:05.622498,NVDA,BUY,21.6013878487218,0,210.73500061035156,RSI
2021-09-20 11:48:13.072779,OTIS,BUY,16.61496153660603,0,83.55000305175781,RSI
2021-09-20 11:48:16.020261,PAYX,BUY,22.31843984163457,0,107.875,RSI
2021-09-20 11:48:17.686744,PYPL,BUY,20.45394626724483,0,268.6199951171875,RSI
2021-09-20 11:48:19.852991,PBCT,BUY,19.80623270205743,0,15.40999984741211,RSI
2021-09-20 11:48:26.389574,PNC,BUY,18.15504209827526,0,182.9600067138672,RSI
2021-09-20 11:48:28.703224,PFG,BUY,17.262614990182087,0,61.951900482177734,RSI
2021-09-20 11:48:30.326726,PGR,BUY,22.749034921057444,0,91.7699966430664,RSI
2021-09-20 11:48:32.314397,PTC,BUY,22.525618977207998,0,120.11000061035156,RSI
2021-09-20 11:48:34.720859,PHM,BUY,17.194645496896598,0,47.22999954223633,RSI
2021-09-20 11:48:36.217647,QRVO,BUY,22.211061662567644,0,170.2100067138672,RSI
2021-09-20 11:48:37.599852,QCOM,BUY,15.027342970671512,0,132.16000366210938,RSI
2021-09-20 11:48:39.813733,RJF,BUY,15.6121025982589,0,129.80499267578125,RSI
2021-09-20 11:48:47.675902,ROP,BUY,19.372884709047668,0,462.6700134277344,RSI
2021-09-20 11:48:52.459236,SEE,BUY,17.920420066483445,0,56.08000183105469,RSI
2021-09-20 11:48:56.113832,SWKS,BUY,21.7771130412781,0,170.1999969482422,RSI
2021-09-20 11:48:56.722222,SNA,BUY,20.081440417646192,0,210.47000122070312,RSI
2021-09-20 11:48:59.403144,STT,BUY,15.448039550353627,0,82.20999908447266,RSI
2021-09-20 11:49:04.396791,TMUS,BUY,24.653452110848704,0,127.1449966430664,RSI
2021-09-20 11:49:05.155182,TROW,BUY,13.984680578106378,0,204.97500610351562,RSI
2021-09-20 11:49:08.249997,TEL,BUY,18.93684050949929,0,139.0399932861328,RSI
2021-09-20 11:49:13.726737,TJX,BUY,24.133220446410874,0,69.0999984741211,RSI
2021-09-20 11:49:18.053960,TFC,BUY,17.4443199821999,0,52.82400131225586,RSI
2021-09-20 11:49:18.921581,TYL,BUY,24.069410037614972,0,459.57501220703125,RSI
2021-09-20 11:49:20.872429,ULTA,BUY,23.899877366069504,0,364.9999084472656,RSI
2021-09-20 11:49:20.969128,USB,BUY,24.020480336954165,0,54.81999969482422,RSI
2021-09-20 11:49:21.681008,UAA,BUY,15.374838768024489,0,20.489999771118164,RSI
2021-09-20 11:49:22.265899,UA,BUY,14.324883532670754,0,17.959999084472656,RSI
2021-09-20 11:49:23.142347,UNP,BUY,14.815907362625182,0,197.77999877929688,RSI
2021-09-20 11:49:27.339019,UNM,BUY,11.829651293060607,0,23.569799423217773,RSI
2021-09-20 11:49:33.077132,VIAC,BUY,21.159562156372957,0,38.775001525878906,RSI
2021-09-20 11:49:33.813498,VTRS,BUY,24.78226072740378,0,13.430000305175781,RSI
2021-09-20 11:49:43.152929,WDC,BUY,23.781140835773826,0,56.36000061035156,RSI
2021-09-20 11:49:44.453777,WRK,BUY,18.772693460485684,0,48.130001068115234,RSI
2021-09-20 11:49:45.720909,WHR,BUY,22.91255287459073,0,206.07000732421875,RSI
2021-09-20 11:49:47.935880,WYNN,BUY,24.20621896352546,0,83.45790100097656,RSI
2021-09-20 11:49:48.656923,XEL,BUY,20.450734238284696,0,63.97999954223633,RSI
2021-09-20 11:49:50.617322,YUM,BUY,19.151705174882963,0,125.75,RSI
2021-09-20 11:49:51.311722,ZBRA,BUY,22.860301407760574,0,554.0,RSI
2021-09-20 12:25:02.462589,ALB,BUY,22.683211705211278,0,212.5,RSI
2021-09-20 12:25:02.944669,ALL,BUY,24.942397026725928,0,128.3699951171875,RSI
2021-09-20 12:25:03.033241,GOOGL,BUY,24.88393775154165,0,2749.0400390625,RSI
2021-09-20 12:25:04.378908,ABC,BUY,24.93361929645212,0,121.47000122070312,RSI
2021-09-20 12:25:04.891204,ANSS,BUY,22.43231840514109,0,354.8599853515625,RSI
2021-09-20 12:25:08.810368,BR,BUY,22.138450197184,0,163.9250030517578,RSI
2021-09-20 12:25:10.339347,CDW,BUY,22.941820399869684,0,186.85000610351562,RSI
2021-09-20 12:25:11.949711,CSCO,BUY,24.189617733375414,0,55.67499923706055,RSI
2021-09-20 12:25:12.607933,KO,BUY,24.517005233202298,0,54.15999984741211,RSI
2021-09-20 12:25:13.436703,STZ,BUY,22.284691179450135,0,209.74000549316406,RSI
2021-09-20 12:25:13.563232,COO,BUY,24.874736560696604,0,428.510009765625,RSI
2021-09-20 12:25:13.839983,CTVA,BUY,24.03946517423826,0,40.869998931884766,RSI
2021-09-20 12:25:18.071855,EFX,BUY,24.38933432611593,0,263.0249938964844,RSI
2021-09-20 12:25:21.374746,FCX,BUY,24.99447557335506,0,30.68000030517578,RSI
2021-09-20 12:25:24.209039,HON,BUY,23.61347807179699,0,215.2899932861328,RSI
2021-09-20 12:25:29.733807,LKQ,BUY,24.872728983070076,0,49.709999084472656,RSI
2021-09-20 12:25:33.031747,MCO,BUY,24.91211489317932,0,367.30999755859375,RSI
2021-09-20 12:25:36.373891,NDAQ,BUY,24.777928785966907,0,190.07000732421875,RSI
2021-09-20 12:26:28.499126,RF,BUY,24.925765596028725,0,18.95639991760254,RSI
2021-09-20 12:26:37.492523,STX,BUY,24.810970776351624,0,81.47000122070312,RSI
2021-09-20 12:26:40.289490,SHW,BUY,24.98070418037267,0,290.2900085449219,RSI
2021-09-20 12:26:45.512201,SBUX,BUY,24.794173305771807,0,111.51000213623047,RSI
2021-09-20 12:26:52.950940,TTWO,BUY,24.216113979633434,0,148.02499389648438,RSI
2021-09-20 12:26:55.761723,TDY,BUY,24.39763460426167,0,415.9049987792969,RSI
2021-09-20 12:27:04.304119,TRMB,BUY,23.76181933282193,0,88.08000183105469,RSI
2021-09-20 12:27:43.207405,ZION,BUY,18.865647230374876,0,54.540000915527344,RSI
2021-09-20 13:25:02.802699,ALLE,BUY,24.66991792423616,0,135.99000549316406,RSI
2021-09-20 13:25:04.685922,APH,BUY,23.479014743790515,0,73.73999786376953,RSI
2021-09-20 13:25:12.976897,CTSH,BUY,24.384325013009715,0,74.30999755859375,RSI
2021-09-20 13:25:15.018313,DVA,BUY,24.21672383122285,0,118.05999755859375,RSI
2021-09-20 13:25:15.130149,DE,BUY,24.970034581841773,0,338.3900146484375,RSI
2021-09-20 13:25:20.220385,FDX,BUY,24.91547568861813,0,249.75999450683594,RSI
2021-09-20 13:25:23.295572,HIG,BUY,23.186454687469563,0,67.41999816894531,RSI
2021-09-20 13:25:25.933907,ICE,BUY,24.509171327193584,0,116.05000305175781,RSI
2021-09-20 13:25:28.278434,KMI,BUY,24.482764040132196,0,15.550000190734863,RSI
2021-09-20 13:25:29.154779,LEG,BUY,24.87458910309016,0,45.119998931884766,RSI
2021-09-20 13:25:32.302741,MSFT,BUY,24.167408136377105,0,292.5799865722656,RSI
2021-09-20 13:25:50.543443,NVR,BUY,24.20471150940662,0,4930.0,RSI
2021-09-20 13:25:51.132175,NXPI,BUY,24.67878020076762,0,200.77999877929688,RSI
2021-09-20 13:27:40.738123,ZBH,BUY,24.784168620840333,0,144.0800018310547,RSI
2021-09-20 14:25:01.186029,ABT,BUY,23.312058430188316,0,124.47000122070312,RSI
2021-09-20 14:25:01.776204,AMD,BUY,23.83066774874412,0,99.8499984741211,RSI
2021-09-20 14:25:04.231008,AIG,BUY,23.60081608114548,0,52.47999954223633,RSI
2021-09-20 14:25:05.340453,AON,BUY,23.423740420098525,0,285.04998779296875,RSI
2021-09-20 14:25:09.900381,CAH,BUY,22.766351059272694,0,51.2599983215332,RSI
2021-09-20 14:25:11.551325,CVX,BUY,23.414394184480756,0,93.4000015258789,RSI
2021-09-20 14:25:14.246675,COST,BUY,24.72512744828515,0,448.8800048828125,RSI
2021-09-20 14:25:17.234351,DUK,BUY,24.027976827391456,0,99.11000061035156,RSI
2021-09-20 14:25:18.518840,ETR,BUY,24.065560784780217,0,109.36000061035156,RSI
2021-09-20 14:25:23.453430,GPN,BUY,24.885921519796852,0,157.6199951171875,RSI
2021-09-20 14:25:23.778238,HAL,BUY,24.56901231879297,0,19.190000534057617,RSI
2021-09-20 14:25:26.542578,INTC,BUY,24.09811591945312,0,52.39500045776367,RSI
2021-09-20 14:25:26.733520,IBM,BUY,24.774080606523896,0,133.07000732421875,RSI
2021-09-20 14:25:27.272657,ISRG,BUY,24.645350808564928,0,1005.6099853515625,RSI
2021-09-20 14:25:31.697060,MPC,BUY,24.453886226229102,0,56.185001373291016,RSI
2021-09-20 14:25:32.706483,MDT,BUY,24.790935144023422,0,127.79000091552734,RSI
2021-09-20 14:25:45.798882,NOC,BUY,24.523241274363684,0,345.8999938964844,RSI
2021-09-20 14:26:47.679214,SYK,BUY,23.204993294051704,0,266.17999267578125,RSI
2021-09-20 14:27:23.803195,VMC,BUY,21.58430583147394,0,168.22999572753906,RSI
2021-09-20 14:27:26.251812,WMT,BUY,23.223404211901126,0,142.5399932861328,RSI
2021-09-20 14:27:39.835100,XLNX,BUY,24.172315434332035,0,147.32000732421875,RSI
2021-09-20 15:25:03.648853,AEE,BUY,23.02338111081069,0,82.77999877929688,RSI
2021-09-20 15:25:08.708626,BSX,BUY,24.888182668673977,0,43.33000183105469,RSI
2021-09-20 15:25:10.076592,CARR,BUY,24.519047967181564,0,53.3849983215332,RSI
2021-09-20 15:25:12.722915,CMS,BUY,24.373120907038768,0,61.119998931884766,RSI
2021-09-20 15:25:17.708324,EW,BUY,22.490885041022906,0,116.58000183105469,RSI
2021-09-20 15:25:23.455591,PEAK,BUY,22.833313739318754,0,34.34000015258789,RSI
2021-09-20 15:25:26.264354,IPG,BUY,24.750838400692842,0,35.724998474121094,RSI
2021-09-20 15:25:26.821559,IQV,BUY,23.940940700093947,0,250.49000549316406,RSI
2021-09-20 15:25:26.908912,IRM,BUY,24.8635797479663,0,44.01499938964844,RSI
2021-09-20 15:25:29.671418,LIN,BUY,24.574493838065933,0,299.82501220703125,RSI
2021-09-20 15:25:31.632991,MCK,BUY,23.936786577294527,0,200.01499938964844,RSI
2021-09-20 15:25:41.598782,NEE,BUY,22.757808285712343,0,80.80999755859375,RSI
2021-09-20 15:25:43.886044,NI,BUY,22.325945142480492,0,23.700899124145508,RSI
2021-09-20 15:26:28.714359,REGN,BUY,24.26193694857602,0,638.459228515625,RSI
2021-09-21 10:25:01.703665,ATVI,BUY,22.722634831866245,0,74.75,RSI
2021-09-21 11:25:01.480095,ATVI,BUY,20.14653152732545,0,74.04499816894531,RSI
2021-09-21 11:25:08.401887,BKNG,BUY,0.02140000,50.00086489257812,2336.489013671875,Stoch
2021-09-21 11:25:10.310084,CARR,BUY,23.093428515336853,0,52.56999969482422,RSI
2021-09-21 11:25:11.717709,CRL,BUY,0.11410000,50.02143930358886,438.3999938964844,Stoch
2021-09-21 11:25:14.111417,CL,BUY,0.65150000,50.002624999999995,76.75,Stoch
2021-09-21 11:25:19.125387,EBAY,BUY,0.68340000,49.997546502685545,73.16000366210938,Stoch
2021-09-21 11:25:24.084564,GE,BUY,24.903215084206508,0,96.33999633789062,RSI
2021-09-21 11:25:24.856377,GILD,BUY,0.69840000,50.001948852539066,71.59500122070312,Stoch
2021-09-21 11:25:26.369079,HCA,BUY,0.19310000,50.0129,259.0,Stoch
2021-09-21 11:25:27.902006,HST,BUY,3.06650000,49.99928343582153,16.30500030517578,Stoch
2021-09-21 11:25:31.245968,JNJ,BUY,0.30350000,49.99859166717529,164.74000549316406,Stoch
2021-09-21 11:25:37.459480,MPWR,BUY,0.10160000,49.98923088378906,492.0199890136719,Stoch
2021-09-21 11:25:38.661734,MSCI,BUY,0.07770000,49.997232586669924,643.4650268554688,Stoch
2021-09-21 11:27:09.720754,USB,BUY,0.88750000,50.00175013542175,56.34000015258789,Stoch
2021-09-21 11:27:34.736420,WST,BUY,0.11100000,49.98829513549805,450.3450012207031,Stoch
2021-09-21 12:25:02.592466,ABBV,BUY,0.46670000,50.00223771514893,107.13999938964844,Stoch
2021-09-21 12:25:06.264259,AMGN,BUY,0.23030000,49.993524421691895,217.0800018310547,Stoch
2021-09-21 12:25:06.934074,ADI,BUY,0.29240000,50.003322393798825,171.00999450683594,Stoch
2021-09-21 12:25:10.880031,BXP,BUY,0.45280000,50.00270413818359,110.43000030517578,Stoch
2021-09-21 12:25:12.125659,CZR,BUY,0.47050000,49.99533100509643,106.26000213623047,Stoch
2021-09-21 12:25:12.738763,COF,BUY,0.31650000,49.99434212493897,157.9600067138672,Stoch
2021-09-21 12:25:15.011802,CMG,BUY,0.02630000,49.92634110107422,1898.3399658203125,Stoch
2021-09-21 12:25:15.926030,CTAS,BUY,0.12670000,50.014825,394.75,Stoch
2021-09-21 12:25:22.514836,EQIX,BUY,0.05810000,49.99911742553711,860.5700073242188,Stoch
2021-09-21 12:25:23.655654,RE,BUY,0.19650000,49.99352964019776,254.4199981689453,Stoch
2021-09-21 14:25:19.558549,FANG,BUY,0.62100000,49.99981462097168,80.51499938964844,Stoch
2021-09-21 14:25:23.043322,EOG,BUY,0.68750000,50.001877307891846,72.7300033569336,Stoch
2021-09-21 14:25:28.294755,HAS,BUY,24.26051579595962,0,93.25,RSI
2021-09-21 14:25:29.659431,HD,BUY,0.14970000,49.98632754821777,333.9100036621094,Stoch
2021-09-21 15:25:05.033565,ALK,BUY,0.88400000,49.99904121398926,56.560001373291016,Stoch
2021-09-21 15:25:21.255974,ENPH,BUY,0.32270000,50.0072043182373,154.96499633789062,Stoch
2021-09-21 15:25:34.452437,LOW,BUY,0.24140000,49.99242019958496,207.0937042236328,Stoch
2021-09-21 15:25:36.203311,MCD,BUY,0.20740000,50.004141265869144,241.10000610351562,Stoch
2021-09-21 15:25:52.007271,NCLH,BUY,1.98490000,49.99963206005097,25.190000534057617,Stoch
2021-09-21 15:26:42.448655,SPGI,BUY,0.11210000,49.980904357910156,445.8599853515625,Stoch
2021-09-22 10:25:05.176303,A,BUY,0.28940000,49.996742410278316,172.75999450683594,Stoch
2021-09-22 10:25:07.859102,APH,BUY,0.66400000,49.99920202636719,75.30000305175781,Stoch
2021-09-22 10:25:09.123131,APTV,BUY,0.34430000,50.0026875289917,145.22999572753906,Stoch
2021-09-22 10:25:10.811249,BBWI,BUY,0.76150000,50.000092788696286,65.66000366210938,Stoch
2021-09-22 10:25:14.204526,CBRE,BUY,0.52540000,49.99638047332763,95.15869903564453,Stoch
2021-09-22 10:25:17.140093,CMCSA,BUY,0.88060000,50.00046692504883,56.779998779296875,Stoch
2021-09-22 10:25:17.693173,CAG,BUY,1.50380000,50.00135,33.25,Stoch
2021-09-22 10:25:22.725809,EMN,BUY,0.49330000,49.99595424728394,101.3499984741211,Stoch
2021-09-22 10:25:27.271963,GRMN,BUY,0.29820000,50.000685910034186,167.6750030517578,Stoch
2021-09-22 10:25:27.740419,IT,BUY,0.15970000,50.000472415161134,313.0899963378906,Stoch
2021-09-22 14:25:05.207915,ABMD,BUY,0.14300000,49.984221221923825,349.5400085449219,Stoch
2021-09-22 14:25:08.827310,AON,SELL,75.34260996172026,0,298.9949951171875,RSI
2021-09-22 14:25:10.493501,ADP,BUY,0.25180000,49.99740738525391,198.55999755859375,Stoch
2021-09-22 14:25:11.254843,BKR,BUY,2.10930000,50.000956339073184,23.704999923706055,Stoch
2021-09-22 14:25:24.492380,FMC,BUY,0.52920000,49.99881777648926,94.4800033569336,Stoch
2021-09-22 14:25:25.700090,GPS,BUY,2.09600000,50.000079040527346,23.854999542236328,Stoch
2021-09-22 14:25:28.277122,HLT,BUY,0.38500000,50.003801879882815,129.8800048828125,Stoch
2021-09-22 14:25:33.071795,LHX,BUY,0.22440000,50.00192931518554,222.8249969482422,Stoch
2021-09-22 14:25:36.296831,MDT,BUY,0.38650000,49.99570584869385,129.35499572753906,Stoch
2021-09-22 14:25:37.887559,MDLZ,BUY,0.82330000,49.999008623123174,60.72999954223633,Stoch
2021-09-22 14:26:05.928734,PEP,BUY,0.32320000,49.9925736328125,154.67999267578125,Stoch
2021-09-22 14:26:15.282850,PG,BUY,0.34780000,50.003207485961916,143.77000427246094,Stoch
2021-09-22 14:26:36.357512,CRM,BUY,0.19240000,50.00475882568359,259.8999938964844,Stoch
2021-09-22 15:25:20.005430,DOV,BUY,0.30690000,50.00475075073242,162.93499755859375,Stoch
2021-09-22 15:26:42.078312,SWKS,BUY,0.28880000,50.00138641357422,173.13499450683594,Stoch
2021-09-23 10:25:11.242736,BIIB,BUY,0.16900000,49.9952677307129,295.8299865722656,Stoch
2021-09-23 10:25:14.378581,CNP,BUY,1.99920000,49.99999245758057,25.010000228881836,Stoch
2021-09-23 10:25:15.645264,CB,BUY,0.27970000,49.99497513427735,178.7449951171875,Stoch
2021-09-23 10:25:17.173889,KO,BUY,0.91810000,49.99972515945435,54.459999084472656,Stoch
2021-09-23 10:25:18.810740,COST,BUY,0.11010000,50.01182292480469,454.239990234375,Stoch
2021-09-23 10:25:23.197153,EQIX,SELL,0.05810000,49.64906350708008,854.5449829101562,Stoch
2021-09-23 10:25:25.292101,FIS,BUY,0.40690000,49.99987088241577,122.87999725341797,Stoch
2021-09-23 10:25:29.959400,HII,BUY,0.25930000,50.00315387115478,192.83900451660156,Stoch
2021-09-23 10:25:30.954740,IR,BUY,0.93670000,50.00104700050354,53.380001068115234,Stoch
2021-09-23 10:25:35.493459,LUMN,BUY,3.92110000,50.00029980106354,12.75160026550293,Stoch
2021-09-23 11:25:09.651112,ADM,BUY,0.82900000,49.99699113845825,60.310001373291016,Stoch
2021-09-23 11:25:26.303437,HCA,SELL,0.19310000,49.641184857177734,257.07501220703125,Stoch
2021-09-23 12:25:17.606514,GLW,BUY,1.32500000,49.998875808715816,37.73500061035156,Stoch
2021-09-23 13:25:06.340177,ABT,BUY,0.39790000,50.00011545715332,125.66000366210938,Stoch
2021-09-23 13:25:27.603861,HSY,BUY,0.28810000,49.99975587921143,173.5500030517578,Stoch
2021-09-23 13:27:19.998961,VMC,SELL,81.50941211773025,0,180.42999267578125,RSI
2021-09-23 14:26:17.158305,SCHW,SELL,75.40637030991422,0,74.41500091552734,RSI
2021-09-23 14:26:19.501447,CAG,SELL,1.50380000,49.97127331161499,33.22999954223633,Stoch
2021-09-23 15:25:37.083737,LOW,SELL,0.24140000,50.30293317871094,208.3800048828125,Stoch
2021-09-24 12:25:06.334275,ABBV,SELL,0.46670000,49.80155657272339,106.70999908447266,Stoch
2021-09-24 12:25:07.606373,A,SELL,0.28940000,49.89545505981445,172.41000366210938,Stoch
2021-09-24 12:25:18.921612,CCI,BUY,22.41467213289239,0,180.8699951171875,RSI
2021-09-24 12:25:24.030878,EXR,BUY,23.238304056028866,0,173.88499450683594,RSI
2021-09-24 12:25:31.437593,J,SELL,76.32336664088926,0,136.6300048828125,RSI
2021-09-24 13:25:06.002806,ABMD,SELL,0.14300000,49.696789825439446,347.5299987792969,Stoch
2021-09-24 14:25:18.760034,CTSH,SELL,75.57227086828227,0,77.8949966430664,RSI
2021-09-24 14:25:28.074720,GPS,SELL,2.09600000,50.18871936035156,23.94499969482422,Stoch
2021-09-24 14:25:39.235596,MDT,SELL,0.38650000,50.12131716918945,129.67999267578125,Stoch
2021-09-24 15:25:18.984696,COST,SELL,75.46185918208428,0,468.48590087890625,RSI
2021-09-24 15:25:21.501789,D,BUY,0.66750000,49.999086685180664,74.90499877929688,Stoch
2021-09-24 15:25:26.089579,FE,BUY,1.35340000,50.0013625869751,36.94499969482422,Stoch
2021-09-24 15:25:39.052348,MNST,BUY,0.53820000,50.00416397094727,92.91000366210938,Stoch
2021-09-27 10:25:06.167362,A,BUY,20.15116722430416,0,165.42999267578125,RSI
2021-09-27 10:25:08.021393,AIG,SELL,75.47523848106883,0,56.54010009765625,RSI
2021-09-27 10:25:08.199599,AWK,BUY,23.19593639793834,0,173.5500030517578,RSI
2021-09-27 10:25:10.896300,BAC,SELL,79.01395520002691,0,43.089900970458984,RSI
2021-09-27 10:25:11.182787,BDX,BUY,23.031528801285717,0,250.4438934326172,RSI
2021-09-27 10:25:12.882581,BMY,BUY,0.82440000,50.0007669708252,60.651100158691406,Stoch
2021-09-27 10:25:15.445833,CERN,BUY,0.68170000,50.00269395980835,73.3499984741211,Stoch
2021-09-27 10:25:15.933682,CVX,SELL,78.23754152996871,0,102.8499984741211,RSI
2021-09-27 10:25:16.782309,CFG,SELL,75.82908398461956,0,46.59000015258789,RSI
2021-09-27 10:25:19.154175,DHR,BUY,21.751568431167584,0,315.20001220703125,RSI
2021-09-27 10:25:20.969858,DLTR,BUY,0.58190000,49.99684693450928,85.91999816894531,Stoch
2021-09-27 10:25:24.294013,EXC,BUY,1.00700000,49.99755153656005,49.650001525878906,Stoch
2021-09-27 10:25:25.349989,FITB,SELL,80.68130005982704,0,42.77000045776367,RSI
2021-09-27 10:25:26.463933,BEN,SELL,75.4714707473841,0,32.20500183105469,RSI
2021-09-27 10:25:28.082760,GPN,BUY,0.30460000,50.00395978088378,164.16270446777344,Stoch
2021-09-27 10:25:28.367410,HAL,SELL,76.1381866731508,0,22.075000762939453,RSI
2021-09-27 10:25:29.444812,HOLX,BUY,22.509960461837807,0,74.41000366210938,RSI
2021-09-27 10:25:30.147456,HRL,BUY,1.21360000,50.000320925903324,41.20000076293945,Stoch
2021-09-27 10:25:30.958821,HUM,BUY,0.12360000,49.99063634033203,404.4549865722656,Stoch
2021-09-27 10:25:33.880114,JPM,SELL,79.34008818064038,0,166.17999267578125,RSI
2021-09-27 10:25:35.388128,KR,BUY,1.23210000,49.99862025604248,40.58000183105469,Stoch
2021-09-27 11:25:08.337790,ALL,BUY,0.38000000,50.000400695800785,131.5800018310547,Stoch
2021-09-27 11:25:09.257548,AEE,BUY,0.59740000,50.00237817687989,83.69999694824219,Stoch
2021-09-27 11:25:09.760793,AMT,BUY,22.431335443413502,0,276.92999267578125,RSI
2021-09-27 11:25:10.463037,ABC,BUY,0.40610000,50.005124367523194,123.13500213623047,Stoch
2021-09-27 11:25:19.513350,ED,BUY,0.67940000,49.99704351196289,73.58999633789062,Stoch
2021-09-27 11:25:23.219859,DTE,BUY,0.43650000,49.99671039962769,114.54000091552734,Stoch
2021-09-27 11:25:27.018037,FRC,SELL,76.03205226299198,0,201.6699981689453,RSI
2021-09-27 11:25:28.047986,FBHS,BUY,0.53640000,50.003208654785155,93.22000122070312,Stoch
2021-09-27 11:25:32.349141,INCY,BUY,24.39099814631922,0,68.0999984741211,RSI
2021-09-27 11:25:34.562504,KEY,SELL,75.44864009737182,0,21.889999389648438,RSI
2021-09-27 11:25:35.274040,KIM,BUY,2.28210000,50.00081065177917,21.90999984741211,Stoch
2021-09-27 11:25:35.377483,KMI,SELL,76.34554001227502,0,16.9950008392334,RSI
2021-09-27 11:25:38.420335,MLM,BUY,0.14000000,50.01779846191407,357.2699890136719,Stoch
2021-09-27 11:26:26.656597,RJF,SELL,76.41062010119532,0,94.94999694824219,RSI
2021-09-27 11:26:30.271235,RMD,BUY,18.543924320730667,0,269.3299865722656,RSI
2021-09-27 11:26:38.504908,SRE,BUY,0.38160000,49.99723363037109,131.02000427246094,Stoch
2021-09-27 12:25:06.621524,ADBE,BUY,24.741725091518262,0,605.0900268554688,RSI
2021-09-27 12:25:09.201365,AMP,SELL,75.71529972423762,0,277.5899963378906,RSI
2021-09-27 12:25:12.804000,BK,SELL,75.43428337771722,0,53.70000076293945,RSI
2021-09-27 12:25:19.135823,COST,SELL,0.11010000,50.560673171997074,459.2250061035156,Stoch
2021-09-27 12:25:26.326572,FTV,BUY,0.67600000,49.99695938110352,73.95999908447266,Stoch
2021-09-27 12:25:30.025222,HBAN,SELL,76.06506816946782,0,15.850000381469727,RSI
2021-09-27 12:25:35.887553,MPC,SELL,75.72793551803679,0,63.63990020751953,RSI
2021-09-27 13:25:22.193110,DLR,BUY,23.752284508021404,0,149.55999755859375,RSI
2021-09-27 13:25:30.674474,HPE,SELL,75.09427466464484,0,14.170000076293945,RSI
2021-09-27 14:25:22.405649,DOW,SELL,75.54255222635572,0,60.28499984741211,RSI
2021-09-27 15:25:28.040755,GRMN,BUY,24.909623861258055,0,163.0399932861328,RSI
2021-09-27 15:25:32.470931,IR,SELL,0.93670000,50.24458742828369,53.63999938964844,Stoch
2021-09-27 15:25:40.373821,MPWR,SELL,0.10160000,51.799235131835935,509.8349914550781,Stoch
2021-09-28 10:25:08.177878,LNT,BUY,24.440803673357507,0,56.08000183105469,RSI
2021-09-28 10:25:10.325853,APH,SELL,0.66400000,50.955358581542974,76.73999786376953,Stoch
2021-09-28 10:25:12.357453,BLL,BUY,22.598939967800035,0,89.8499984741211,RSI
2021-09-28 10:25:13.050613,TECH,BUY,22.514732486936907,0,490.739990234375,RSI
2021-09-28 10:25:14.446261,CDNS,BUY,22.10301781411134,0,154.2100067138672,RSI
2021-09-28 10:25:15.167676,CTLT,BUY,22.188937498127572,0,131.88999938964844,RSI
2021-09-28 10:25:16.188754,CRL,BUY,23.040336522938745,0,413.67999267578125,RSI
2021-09-28 10:25:17.623413,CMS,BUY,21.337490414476264,0,59.220001220703125,RSI
2021-09-28 10:25:22.355627,EW,BUY,22.86570848620086,0,113.33000183105469,RSI
2021-09-28 10:25:23.560623,ES,BUY,23.3648256468839,0,80.73999786376953,RSI
2021-09-28 10:25:25.763491,FMC,SELL,0.52920000,50.10201161499023,94.67500305175781,Stoch
2021-09-28 10:25:29.940007,IDXX,BUY,23.00534247173742,0,623.010009765625,RSI
2021-09-28 10:25:30.027460,INFO,BUY,20.243193229109423,0,116.63999938964844,RSI
2021-09-28 10:25:30.195651,ILMN,BUY,23.30134374621929,0,411.3599853515625,RSI
2021-09-28 10:25:31.345520,IQV,BUY,17.584958796589888,0,239.39999389648438,RSI
2021-09-28 10:25:32.834852,KLAC,BUY,22.493005621057875,0,349.4549865722656,RSI
2021-09-28 10:25:33.177500,LH,BUY,21.91307157891184,0,282.67999267578125,RSI
2021-09-28 10:25:36.313189,MTD,BUY,23.290995105184933,0,1424.449951171875,RSI
2021-09-28 10:25:36.872728,MRNA,BUY,16.295648040264382,0,379.8500061035156,RSI
2021-09-28 10:25:37.129700,MDLZ,BUY,17.291375361546457,0,58.790000915527344,RSI
2021-09-28 10:27:15.762391,VRSK,BUY,24.966173722959113,0,200.2899932861328,RSI
2021-09-28 10:27:28.037275,WST,BUY,18.769429645139425,0,422.94000244140625,RSI
2021-09-28 11:25:07.264861,AKAM,BUY,23.155162313537133,0,105.91000366210938,RSI
2021-09-28 11:25:08.489590,AEE,BUY,24.675962425669113,0,81.5199966430664,RSI
2021-09-28 11:25:15.495819,CERN,BUY,23.875432648125823,0,71.12000274658203,RSI
2021-09-28 11:25:16.060282,CMG,BUY,23.417217572674062,0,1835.8699951171875,RSI
2021-09-28 11:25:22.535584,EQIX,BUY,24.18388091203944,0,792.1699829101562,RSI
2021-09-28 11:25:24.972770,FTNT,BUY,24.761282998195668,0,290.63330078125,RSI
2021-09-28 11:25:27.570879,HSY,BUY,23.53514761940832,0,168.89500427246094,RSI
2021-09-28 11:25:33.290460,LIN,BUY,24.959638458318196,0,300.5799865722656,RSI
2021-09-28 12:25:11.182902,AMAT,BUY,24.750570743783328,0,133.36000061035156,RSI
2021-09-28 12:25:22.037302,DOV,BUY,23.27974612199212,0,157.82000732421875,RSI
2021-09-28 12:25:26.076318,FIS,SELL,0.40690000,49.873732875823976,122.56999969482422,Stoch
2021-09-28 12:25:30.729107,HST,SELL,3.06650000,52.0691685962677,16.979999542236328,Stoch
2021-09-28 12:25:33.098120,JKHY,BUY,23.50784467753064,0,165.16000366210938,RSI
2021-09-28 12:25:35.576173,LLY,BUY,24.509521264538662,0,221.0399932861328,RSI
2021-09-28 12:25:39.623210,MSCI,BUY,23.08940025898039,0,600.6300048828125,RSI
2021-09-28 13:25:16.934060,CTXS,BUY,23.271621910867907,0,107.15499877929688,RSI
2021-09-28 14:25:19.843559,DVA,BUY,0.41120000,50.00603225097657,121.61000061035156,Stoch
2021-09-28 14:25:22.612826,EA,SELL,75.72802780397417,0,134.8699951171875,RSI
2021-09-28 14:25:31.215704,IFF,BUY,0.37530000,49.997466458129885,133.22000122070312,Stoch
2021-09-29 10:25:09.331744,AEP,BUY,0.60930000,49.996111685943596,82.05500030517578,Stoch
2021-09-29 10:25:35.772337,LEN,BUY,0.50660000,49.99635523681641,98.69000244140625,Stoch
2021-09-29 10:25:42.343075,MSCI,SELL,0.07770000,47.54773818969727,611.9400024414062,Stoch
2021-09-29 10:25:47.835431,NEE,BUY,22.49003781998121,0,78.506103515625,RSI
2021-09-29 10:25:53.171874,NLOK,BUY,1.95010000,50.00056280975342,25.639999389648438,Stoch
2021-09-29 10:26:09.490469,PBCT,SELL,81.99128451336264,0,17.795000076293945,RSI
2021-09-29 10:26:10.880164,PKI,BUY,22.874973271663848,0,175.35000610351562,RSI
2021-09-29 10:26:15.127059,PNC,SELL,77.10853691930912,0,198.60000610351562,RSI
2021-09-29 10:26:27.713115,DGX,BUY,22.040035087837254,0,147.41000366210938,RSI
2021-09-29 10:26:31.313980,REGN,BUY,22.715108350670207,0,612.4000244140625,RSI
2021-09-29 10:26:31.806247,RF,SELL,80.55011226090909,0,21.665000915527344,RSI
2021-09-29 10:26:38.047775,SPGI,BUY,22.44889804431517,0,429.93499755859375,RSI
2021-09-29 10:26:39.580177,SBAC,BUY,23.416349590353533,0,334.7850036621094,RSI
2021-09-29 10:26:52.602348,SNPS,BUY,18.765658727920865,0,304.6199951171875,RSI
2021-09-29 10:27:07.272383,TFC,SELL,77.72175684340323,0,59.36000061035156,RSI
2021-09-29 10:27:30.325230,WAT,BUY,19.871592220079634,0,371.8699951171875,RSI
2021-09-29 10:27:31.098691,WEC,BUY,22.40080756442103,0,88.66999816894531,RSI
2021-09-29 10:27:43.795667,ZION,SELL,80.43637324323821,0,63.0099983215332,RSI
2021-09-29 11:25:08.788033,LNT,BUY,0.88180000,49.99806067276001,56.70000076293945,Stoch
2021-09-29 11:25:09.524127,MO,BUY,1.02550000,49.998253595352175,48.755001068115234,Stoch
2021-09-29 11:25:10.918642,ADI,BUY,23.835903270539276,0,169.6199951171875,RSI
2021-09-29 11:25:12.695251,ATO,BUY,0.56670000,49.997106635284425,88.2249984741211,Stoch
2021-09-29 11:25:21.259628,DHI,BUY,0.57540000,50.00226087799072,86.9000015258789,Stoch
2021-09-29 11:25:23.634949,DUK,BUY,0.50950000,50.00487578964233,98.1449966430664,Stoch
2021-09-29 11:25:24.475247,EMN,SELL,0.49330000,51.342664903259276,104.08000183105469,Stoch
2021-09-29 11:25:26.623912,ES,BUY,0.60830000,49.99617848510742,82.19000244140625,Stoch
2021-09-29 11:25:31.411110,PEAK,BUY,1.46580000,49.99843889465332,34.11000061035156,Stoch
2021-09-29 11:25:34.011404,ICE,BUY,0.42370000,49.9966,118.0,Stoch
2021-09-29 11:25:36.786760,LRCX,BUY,20.718137194530115,0,572.3300170898438,RSI
2021-09-29 11:25:39.864303,MCHP,BUY,23.393224251336562,0,155.47999572753906,RSI
2021-09-29 11:26:15.122646,POOL,BUY,24.274909817018752,0,446.1700134277344,RSI
2021-09-29 12:25:14.488647,AVGO,BUY,24.878974483065974,0,488.29998779296875,RSI
2021-09-29 12:25:19.444240,GLW,BUY,23.10302289560292,0,37.02000045776367,RSI
2021-09-29 12:25:29.048987,HSIC,BUY,0.63400000,49.99724038696289,78.86000061035156,Stoch
2021-09-29 12:25:49.878262,NOC,SELL,75.12754734647686,0,364.2099914550781,RSI
2021-09-29 13:25:12.593663,AIZ,BUY,0.31030000,49.995534484863285,161.1199951171875,Stoch
2021-09-29 13:25:50.900850,NLOK,SELL,1.95010000,49.922560743904114,25.600000381469727,Stoch
2021-09-29 13:27:13.879077,VRSN,BUY,24.601923283970265,0,205.99000549316406,RSI
2021-09-29 14:25:07.586223,MMM,BUY,0.27590000,50.006874999999994,181.25,Stoch
2021-09-29 14:25:10.349262,AMCR,BUY,4.23730000,50.00014080820084,11.800000190734863,Stoch
2021-09-29 14:25:12.987171,AJG,BUY,0.33050000,50.001342781066896,151.2899932861328,Stoch
2021-09-29 14:25:25.418660,ESS,BUY,0.15410000,49.98926780700683,324.3949890136719,Stoch
2021-09-29 14:25:29.469032,GPC,BUY,0.40210000,50.00113438644409,124.3499984741211,Stoch
2021-09-29 15:25:33.582524,LEG,BUY,1.06270000,50.000034189224245,47.04999923706055,Stoch
2021-09-29 15:25:34.823389,LOW,BUY,0.24060000,50.00630311889648,207.83999633789062,Stoch
2021-09-30 10:25:08.737913,AMD,BUY,0.48480000,50.004694372558596,103.1449966430664,Stoch
2021-09-30 10:25:09.998410,ALB,BUY,0.22360000,50.00813863525391,223.64999389648438,Stoch
2021-09-30 10:25:10.992462,MO,BUY,23.119072064283216,0,47.07109832763672,RSI
2021-09-30 10:25:16.208040,BKNG,BUY,24.24335986371885,0,2355.0,RSI
2021-09-30 10:25:17.720328,KMX,BUY,23.557525200172904,0,133.44000244140625,RSI
2021-09-30 10:25:31.617212,HBI,BUY,23.784213111432706,0,17.6200008392334,RSI
2021-09-30 10:25:33.865480,HII,SELL,0.25930000,50.983564733886716,196.6199951171875,Stoch
2021-09-30 10:25:34.932590,INCY,BUY,0.72010000,49.99654321975708,69.43000030517578,Stoch
2021-09-30 10:27:40.180399,XLNX,BUY,0.32780000,49.999333599853514,152.52999877929688,Stoch
2021-09-30 11:25:19.096496,CL,SELL,0.65150000,49.67035860824585,76.23999786376953,Stoch
2021-09-30 11:25:33.814919,KSU,BUY,0.18210000,49.99919833374024,274.57000732421875,Stoch
2021-09-30 12:25:14.150335,BBWI,BUY,21.929200444274613,0,63.28499984741211,RSI
2021-09-30 12:25:15.376386,BXP,BUY,24.47787193224015,0,108.81999969482422,RSI
2021-09-30 12:25:17.771742,CBRE,SELL,0.52540000,51.25014203796386,97.54499816894531,Stoch
2021-09-30 12:25:20.658214,CTSH,BUY,23.329307384434188,0,74.47000122070312,RSI
2021-09-30 12:25:23.165199,DFS,BUY,24.85367208808202,0,123.81999969482422,RSI
2021-09-30 12:25:24.700079,ETN,BUY,24.343869702443655,0,150.60000610351562,RSI
2021-09-30 12:25:28.654077,BEN,BUY,24.355046339013526,0,29.80500030517578,RSI
2021-09-30 12:25:30.489387,HCA,BUY,18.40576173566194,0,244.13499450683594,RSI
2021-09-30 12:25:32.056986,HRL,SELL,1.21360000,50.097406518554685,41.279998779296875,Stoch
2021-09-30 12:25:32.934401,ITW,BUY,24.93458858569923,0,209.42999267578125,RSI
2021-09-30 12:25:36.517053,KR,SELL,1.23210000,50.23271756401062,40.77000045776367,Stoch
2021-09-30 12:25:37.107611,LHX,SELL,0.22440000,49.8392413696289,222.10000610351562,Stoch
2021-09-30 12:26:47.884680,STE,BUY,23.012335860518775,0,206.0800018310547,RSI
2021-09-30 12:27:02.072563,TT,BUY,20.805060813828575,0,173.97000122070312,RSI
2021-09-30 13:25:10.900831,AEP,SELL,0.60930000,49.70669511566162,81.58000183105469,Stoch
2021-09-30 13:25:21.086480,ED,SELL,0.67940000,49.52826103668213,72.9000015258789,Stoch
2021-09-30 13:25:31.426104,PEAK,SELL,1.46580000,49.30951110534668,33.63999938964844,Stoch
2021-09-30 13:25:33.670948,IR,BUY,23.62344430599576,0,50.710601806640625,RSI
2021-09-30 13:25:40.027876,MTCH,BUY,0.31790000,49.99931161193848,157.27999877929688,Stoch
2021-09-30 13:27:33.638987,XYL,BUY,24.598584877185317,0,124.97000122070312,RSI
2021-09-30 14:25:10.921042,AMGN,SELL,0.23030000,49.33947326507568,214.24000549316406,Stoch
2021-09-30 14:25:32.003734,IFF,SELL,0.37530000,50.28081979064942,133.97500610351562,Stoch
2021-09-30 14:26:05.927857,PAYX,SELL,75.209122487286,0,113.8949966430664,RSI
2021-09-30 15:25:19.708345,CTXS,BUY,0.46160000,50.00051185913086,108.31999969482422,Stoch
2021-10-01 10:25:07.075260,MMM,BUY,18.097634456261062,0,174.57000732421875,RSI
2021-10-01 10:25:07.801262,AAP,BUY,22.33319614286178,0,205.4199981689453,RSI
2021-10-01 10:25:08.673971,ALGN,BUY,23.777637205988214,0,650.8499755859375,RSI
2021-10-01 10:25:10.777677,ANTM,BUY,21.99036364916377,0,363.8599853515625,RSI
2021-10-01 10:25:14.499980,CHRW,BUY,23.74935119268656,0,86.20999908447266,RSI
2021-10-01 10:25:19.623844,CVS,BUY,24.890358508756535,0,82.80000305175781,RSI
2021-10-01 10:25:20.489305,DAL,BUY,1.13090000,49.99810607833862,44.210899353027344,Stoch
2021-10-01 10:25:21.365373,DG,BUY,24.899859222365706,0,209.14999389648438,RSI
2021-10-01 10:25:24.865563,EXPE,BUY,0.29350000,50.006531433105465,170.3800048828125,Stoch
2021-10-01 10:25:25.410967,FAST,BUY,23.81603709514654,0,51.299198150634766,RSI
2021-10-01 10:25:26.197706,FMC,BUY,24.651883906350662,0,91.5199966430664,RSI
2021-10-01 10:25:27.986755,GILD,BUY,21.994732194953485,0,67.83999633789062,RSI
2021-10-01 10:25:30.015066,HUM,BUY,24.625183712536128,0,383.3900146484375,RSI
2021-10-01 10:25:30.271790,IEX,BUY,21.948343917939127,0,206.25999450683594,RSI
2021-10-01 10:25:31.396810,IFF,SELL,75.02367387544925,0,142.7100067138672,RSI
2021-10-01 10:25:32.278602,JBHT,BUY,24.368306990609867,0,165.61000061035156,RSI
2021-10-01 10:25:32.453794,JNJ,BUY,24.70582463006201,0,159.08999633789062,RSI
2021-10-01 10:25:32.744660,JNPR,BUY,23.868253866562853,0,27.454999923706055,RSI
2021-10-01 10:25:34.485446,LVS,BUY,1.34260000,49.99855941543579,37.2401008605957,Stoch
2021-10-01 10:25:35.656727,LYV,BUY,0.53120000,50.001854541015625,94.12999725341797,Stoch
2021-10-01 10:25:37.306007,MKC,BUY,23.948862892134997,0,80.76499938964844,RSI
2021-10-01 10:25:38.477934,MHK,BUY,22.364167515274175,0,176.14999389648438,RSI
2021-10-01 10:26:07.205520,PNR,BUY,22.565605179447772,0,72.08999633789062,RSI
2021-10-01 10:26:10.183215,PFE,BUY,21.8457824844116,0,41.900001525878906,RSI
2021-10-01 10:26:17.448342,PG,BUY,22.90305878385476,0,138.8300018310547,RSI
2021-10-01 10:27:28.269726,WM,BUY,24.380538153759062,0,147.88999938964844,RSI
2021-10-01 10:27:38.440254,XEL,BUY,0.79140000,50.000652241516114,63.18000030517578,Stoch
2021-10-01 11:25:09.872400,LNT,SELL,0.88180000,49.504251461791995,56.13999938964844,Stoch
2021-10-01 11:25:11.083796,AAL,BUY,2.36070000,49.999860859680176,21.180099487304688,Stoch
2021-10-01 11:25:17.227768,CCL,BUY,1.93090000,50.00065638389587,25.895000457763672,Stoch
2021-10-01 11:25:18.950106,CHTR,BUY,0.06790000,49.99782351074219,736.344970703125,Stoch
2021-10-01 12:25:20.714129,CTVA,BUY,1.16650000,50.002024457931526,42.8650016784668,Stoch
2021-10-01 12:25:27.204158,FIS,BUY,0.40660000,49.995535627746584,122.95999908447266,Stoch
2021-10-01 12:25:32.297960,HPQ,BUY,1.79280000,50.00119090576172,27.889999389648438,Stoch
2021-10-01 12:25:34.164699,IPG,BUY,1.33330000,49.998749999999994,37.5,Stoch
2021-10-01 12:25:39.268950,MMC,BUY,0.32400000,50.00615881347657,154.33999633789062,Stoch
2021-10-01 12:26:32.037333,REG,BUY,0.73080000,50.001334661865236,68.41999816894531,Stoch
2021-10-01 12:26:43.796700,STX,BUY,0.59970000,49.996990647125244,83.37000274658203,Stoch
2021-10-01 12:27:17.718444,UNP,BUY,0.25040000,49.99235847167969,199.64999389648438,Stoch
2021-10-01 12:27:23.316458,VTR,BUY,0.89300000,49.99907149887085,55.9900016784668,Stoch
2021-10-01 12:27:33.746697,WAB,BUY,0.56750000,49.99674913406372,88.0999984741211,Stoch
2021-10-01 13:25:09.078299,AFL,BUY,0.94760000,50.00011342163086,52.76499938964844,Stoch
2021-10-01 13:25:15.487345,BWA,BUY,1.13610000,49.99975909309388,44.0099983215332,Stoch
2021-10-01 13:25:19.591940,C,BUY,0.70310000,50.000954998016354,71.11499786376953,Stoch
2021-10-01 13:25:22.040889,CSX,BUY,1.64930000,49.99853038082123,30.315000534057617,Stoch
2021-10-01 13:25:23.364468,XRAY,BUY,0.84550000,50.002869483947755,59.13999938964844,Stoch
2021-10-01 13:25:28.437553,FRT,BUY,0.41660000,49.996166889953614,120.01000213623047,Stoch
2021-10-01 13:25:29.533876,FLT,BUY,0.18760000,50.002905603027344,266.5400085449219,Stoch
2021-10-01 13:25:37.062746,JPM,BUY,0.30110000,49.994403068542475,166.03919982910156,Stoch
2021-10-01 13:25:41.320389,MA,BUY,0.14090000,49.98709145202637,354.7699890136719,Stoch
2021-10-01 13:25:43.048297,MAA,BUY,0.26500000,49.99224838256836,188.64999389648438,Stoch
2021-10-01 15:25:11.985626,AIG,BUY,0.89750000,49.99972417831421,55.709999084472656,Stoch
2021-10-01 15:25:12.714329,AMP,BUY,0.18510000,50.00476387023925,270.1499938964844,Stoch
2021-10-01 15:25:15.164878,T,BUY,1.82880000,50.001038690185545,27.340900421142578,Stoch
2021-10-01 15:25:16.052936,AVB,BUY,0.22320000,49.99456922607422,223.99000549316406,Stoch
2021-10-01 15:25:17.067700,BAX,BUY,0.61300000,50.00240981292725,81.56999969482422,Stoch
2021-10-01 15:25:18.789492,BSX,BUY,1.13770000,50.00191586799621,43.95000076293945,Stoch
2021-10-01 15:25:20.756892,CARR,BUY,0.94990000,49.997984905624385,52.6349983215332,Stoch
2021-10-01 15:25:22.181543,CNC,BUY,0.79050000,50.00307834434509,63.255001068115234,Stoch
2021-10-01 15:25:23.346065,SCHW,BUY,0.66850000,49.99711561203003,74.79000091552734,Stoch
2021-10-01 15:25:24.392967,CI,BUY,0.24560000,49.99924844970703,203.5800018310547,Stoch
2021-10-04 10:25:19.755193,CE,BUY,0.32500000,50.00125198364258,153.85000610351562,Stoch
2021-10-04 10:25:30.404363,F,BUY,3.44590000,50.000354846668245,14.510100364685059,Stoch
2021-10-04 10:25:33.328104,HIG,BUY,0.70390000,50.001539077758785,71.03500366210938,Stoch
2021-10-04 10:25:36.233275,IBM,SELL,76.28825209896193,0,144.83999633789062,RSI
2021-10-04 10:25:55.033671,NTRS,BUY,0.45750000,49.99559944152832,109.27999877929688,Stoch
2021-10-04 10:26:05.436413,OGN,BUY,1.49790000,49.99990359992981,33.380001068115234,Stoch
2021-10-04 10:26:28.560026,PVH,BUY,0.46100000,50.0000595779419,108.45999908447266,Stoch
2021-10-04 10:26:52.072133,SNA,BUY,0.23560000,49.99431928100586,212.1999969482422,Stoch
2021-10-04 10:27:11.429971,TSCO,BUY,22.382933413798867,0,194.55999755859375,RSI
2021-10-04 10:27:44.845503,WRK,BUY,0.98000000,49.9996004486084,51.02000045776367,Stoch
2021-10-04 11:25:23.351364,CTVA,SELL,1.16650000,49.55291946601868,42.47999954223633,Stoch
2021-10-04 11:26:01.139527,ORCL,BUY,0.55840000,49.99913651123047,89.54000091552734,Stoch
2021-10-04 12:25:16.772667,AJG,SELL,0.33050000,49.65101358795166,150.22999572753906,Stoch
2021-10-04 12:25:19.376513,BSX,BUY,24.633381231687395,0,42.21500015258789,RSI
2021-10-04 12:25:24.884181,ED,BUY,0.68580000,50.0016805114746,72.91000366210938,Stoch
2021-10-04 12:25:37.908720,IP,BUY,0.93350000,49.99826128196716,53.560001373291016,Stoch
2021-10-04 12:25:41.423500,LVS,SELL,1.34260000,49.94472102432251,37.20000076293945,Stoch
2021-10-04 12:25:42.367062,LNC,BUY,0.71250000,50.003250217437746,70.18000030517578,Stoch
2021-10-04 13:25:32.705981,FCX,BUY,1.51790000,49.99962391548157,32.939998626708984,Stoch
2021-10-04 13:25:36.158489,HRL,BUY,1.21600000,50.00179809570312,41.11989974975586,Stoch
2021-10-04 13:25:39.509168,SJM,BUY,0.41420000,50.00263847808838,120.72100067138672,Stoch
2021-10-04 13:26:53.372104,SYF,BUY,0.99730000,49.999633826065065,50.1349983215332,Stoch
2021-10-04 14:25:39.374537,K,BUY,0.77720000,49.9972774230957,64.33000183105469,Stoch
2021-10-04 15:25:33.025011,HSIC,SELL,0.63400000,49.331538452148436,77.80999755859375,Stoch
2021-10-05 10:25:10.689832,ACN,BUY,0.15450000,50.01474018859863,323.7200012207031,Stoch
2021-10-05 10:25:12.656079,GOOGL,BUY,0.01850000,50.061555541992185,2706.030029296875,Stoch
2021-10-05 10:25:13.311202,GOOG,BUY,0.01850000,50.112986083984374,2708.81005859375,Stoch
2021-10-05 10:25:14.921685,AME,BUY,0.40000000,50.00599975585938,125.01499938964844,Stoch
2021-10-05 10:25:15.988744,ANTM,BUY,0.13300000,49.99004370117188,375.864990234375,Stoch
2021-10-05 10:25:17.202342,AJG,BUY,0.33020000,50.00548880615234,151.44000244140625,Stoch
2021-10-05 10:25:25.609930,CVS,BUY,0.58970000,49.9977166595459,84.78500366210938,Stoch
2021-10-05 10:25:29.275842,EMR,BUY,0.52580000,50.00095164184571,95.09500122070312,Stoch
2021-10-05 10:25:32.259195,FISV,BUY,0.45870000,50.00288797988892,109.01000213623047,Stoch
2021-10-05 10:25:36.942554,IEX,BUY,0.23800000,49.99904043579102,210.0800018310547,Stoch
2021-10-06 10:25:12.046872,AFL,SELL,0.94760000,50.09961098785401,52.869998931884766,Stoch
2021-10-06 10:25:14.640009,AXP,SELL,0.30570000,52.58345532073975,172.00999450683594,Stoch
2021-10-06 10:25:16.885543,APTV,SELL,0.34430000,52.97572139129639,153.86500549316406,Stoch
2021-10-06 10:25:21.674663,CARR,SELL,0.94990000,49.6607708404541,52.279998779296875,Stoch
2021-10-06 10:25:24.389021,C,SELL,0.70310000,50.36305106887817,71.62999725341797,Stoch
2021-10-06 10:25:25.931320,CMCSA,SELL,0.88060000,49.92121279067993,56.689998626708984,Stoch
2021-10-06 10:25:29.962602,DTE,SELL,0.43650000,49.267756198883056,112.87000274658203,Stoch
2021-10-06 10:25:40.267934,IP,SELL,0.93350000,49.99826128196716,53.560001373291016,Stoch
2021-10-06 10:25:41.980673,SJM,SELL,0.41420000,49.94216373596191,120.57499694824219,Stoch
2021-10-06 10:25:42.992899,KSU,SELL,0.18210000,50.46901388854981,277.1499938964844,Stoch
2021-10-06 12:25:12.707942,ALB,SELL,0.22360000,48.72691159057617,217.9199981689453,Stoch
2021-10-06 12:25:14.172675,AEE,SELL,0.59740000,48.58654309387207,81.33000183105469,Stoch
2021-10-06 12:25:15.027806,AIG,SELL,0.89750000,50.556265659332276,56.330101013183594,Stoch
2021-10-06 12:25:15.799905,AMP,SELL,0.18510000,49.48648612976074,267.3500061035156,Stoch
2021-10-06 12:25:16.947518,AON,SELL,0.17230000,49.55434339294434,287.6050109863281,Stoch
2021-10-06 12:25:18.266901,AIZ,SELL,0.31030000,48.969995257568364,157.81500244140625,Stoch
2021-10-06 12:25:23.827735,SCHW,SELL,0.66850000,49.98374275588989,74.7699966430664,Stoch
2021-10-06 12:25:29.699651,DUK,SELL,0.50950000,50.76148360061645,99.62999725341797,Stoch
2021-10-06 12:25:36.455915,HIG,SELL,0.70390000,49.96985949630737,70.98999786376953,Stoch
2021-10-06 12:25:38.005019,HRL,SELL,1.21600000,50.123521484375,41.220001220703125,Stoch
2021-10-06 12:25:39.360081,ICE,SELL,75.44128541844064,0,120.80999755859375,RSI
2021-10-06 13:25:34.131818,IEX,SELL,0.23800000,49.70987130737304,208.86500549316406,Stoch
2021-10-06 13:25:34.896740,ICE,SELL,75.6050520877429,0,120.91500091552734,RSI
2021-10-06 13:25:40.235928,MMC,SELL,0.32400000,49.633560791015626,153.19000244140625,Stoch
2021-10-06 13:25:41.407650,MCD,SELL,0.20740000,50.56640236206055,243.81100463867188,Stoch
2021-10-06 13:26:56.697871,TTWO,SELL,79.30726546946582,0,164.92999267578125,RSI
2021-10-06 13:27:18.717478,VTR,BUY,23.181697751985908,0,53.040000915527344,RSI
2021-10-06 14:25:11.485957,ARE,BUY,0.25870000,50.0015356842041,193.27999877929688,Stoch
2021-10-06 14:25:12.211274,LNT,BUY,0.88250000,50.002449865341184,56.65999984741211,Stoch
2021-10-06 14:25:23.652844,CCI,BUY,0.28850000,49.99993429565429,173.30999755859375,Stoch
2021-10-06 14:25:23.746010,CSX,SELL,77.24799576571996,0,32.185001373291016,RSI
2021-10-06 14:25:27.542909,EIX,BUY,0.88980000,49.997860778045656,56.189998626708984,Stoch
2021-10-06 14:25:30.083503,FAST,BUY,0.96770000,50.00105722808838,51.66999816894531,Stoch
2021-10-06 14:25:38.595492,KMB,BUY,0.37800000,49.998061614990235,132.27000427246094,Stoch
2021-10-06 14:26:23.227104,PNW,BUY,0.68180000,49.99980237579346,73.33499908447266,Stoch
2021-10-06 14:26:25.487139,PPG,BUY,0.34390000,50.004779080200194,145.40499877929688,Stoch
2021-10-06 14:26:46.210855,ROP,BUY,0.11120000,50.00942067871093,449.7250061035156,Stoch
2021-10-06 15:25:17.155622,BDX,BUY,0.20490000,50.011992375183105,244.0800018310547,Stoch
2021-10-06 15:25:28.219493,EA,BUY,24.941255443515175,0,133.39999389648438,RSI
2021-10-06 15:25:40.581277,LDOS,BUY,0.51630000,50.00365421218872,96.8499984741211,Stoch
2021-10-06 15:25:45.216131,MCO,BUY,0.14010000,50.004493881225585,356.9200134277344,Stoch
2021-10-06 15:27:17.414537,UDR,BUY,0.93370000,49.99963428764343,53.54999923706055,Stoch
2021-10-06 15:27:32.597728,V,BUY,0.22110000,49.99955386505127,226.13999938964844,Stoch
2021-10-06 15:27:41.261813,WELL,BUY,0.60470000,49.99961802368164,82.68499755859375,Stoch
2021-10-07 10:25:12.002654,AMD,SELL,75.32041626770405,0,106.5,RSI
2021-10-07 10:25:13.940503,AEP,SELL,75.11249461631368,0,84.87000274658203,RSI
2021-10-07 10:25:18.769520,CHRW,SELL,76.35183638462895,0,89.94999694824219,RSI
2021-10-07 10:25:26.038391,DRE,SELL,75.51852328829344,0,50.959999084472656,RSI
2021-10-07 10:25:26.758386,DXC,BUY,1.43860000,49.99854453659058,34.755001068115234,Stoch
2021-10-07 10:25:30.668601,FMC,BUY,0.54910000,49.998300667572025,91.05500030517578,Stoch
2021-10-07 10:25:31.874369,GPS,BUY,2.09640000,49.99914079971314,23.850000381469727,Stoch
2021-10-07 10:25:32.787618,GL,SELL,78.18444629161077,0,94.33499908447266,RSI
2021-10-07 10:25:33.722880,HSY,SELL,80.2574369684223,0,180.6999969482422,RSI
2021-10-07 10:25:37.224214,JKHY,BUY,0.30300000,49.998028335571284,165.00999450683594,Stoch
2021-10-07 10:25:38.904960,KMI,BUY,2.95600000,50.00074270629883,16.915000915527344,Stoch
2021-10-07 10:25:39.583387,KR,BUY,1.25410000,50.00096566047669,39.869998931884766,Stoch
2021-10-07 10:25:40.410932,LRCX,BUY,0.08930000,49.987451843261724,559.7698974609375,Stoch
2021-10-07 10:25:41.090763,LVS,BUY,1.33050000,50.00019243621826,37.58000183105469,Stoch
2021-10-07 10:25:44.668913,MDLZ,SELL,78.02151149134401,0,60.310001373291016,RSI
2021-10-07 10:25:51.825908,NEE,SELL,77.10836040799437,0,82.08999633789062,RSI
2021-10-07 10:26:17.360598,PNW,BUY,24.76951099574852,0,69.62999725341797,RSI
2021-10-07 10:26:21.671811,PFG,SELL,75.33842049938768,0,68.55500030517578,RSI
2021-10-07 10:26:29.989376,PWR,BUY,0.44110000,49.998684326934814,113.3499984741211,Stoch
2021-10-07 10:27:18.525769,UAA,BUY,2.34030000,50.00050896434784,21.364999771118164,Stoch
2021-10-07 10:27:19.744969,UA,BUY,2.70640000,50.000741032409664,18.475000381469727,Stoch
2021-10-07 11:25:24.444874,CTVA,BUY,1.16590000,49.99961954307556,42.8849983215332,Stoch
2021-10-07 11:26:38.376180,ROST,BUY,0.45830000,50.00511327972412,109.11000061035156,Stoch
2021-10-07 15:26:53.095602,SYF,SELL,0.99730000,49.6705268043518,49.80500030517578,Stoch
2021-10-07 15:27:15.478538,VRSK,SELL,75.43560722580226,0,207.13999938964844,RSI
2021-10-08 10:25:12.141051,MMM,SELL,0.27590000,48.86051083679199,177.09500122070312,Stoch
2021-10-08 10:25:14.799306,ALL,SELL,0.38000000,48.187799072265626,126.80999755859375,Stoch
2021-10-08 10:25:23.734014,CHTR,BUY,22.506525823881745,0,711.3900146484375,RSI
2021-10-08 10:25:30.005942,D,SELL,0.66750000,48.90772275924682,73.2699966430664,Stoch
2021-10-08 10:25:30.807827,DOV,SELL,0.30690000,48.33675,157.5,Stoch
2021-10-08 10:25:35.483028,FE,SELL,1.35340000,49.033681380462646,36.22999954223633,Stoch
2021-10-08 10:25:44.789975,KMB,SELL,0.37800000,50.066098846435544,132.4499969482422,Stoch
2021-10-08 10:25:47.524771,LOW,SELL,0.24060000,49.29653385314941,204.88999938964844,Stoch
2021-10-08 10:26:12.585395,OGN,SELL,1.49790000,48.4121275428772,32.31999969482422,Stoch
2021-10-08 10:28:03.380919,XEL,SELL,0.79140000,50.174761207580566,63.400001525878906,Stoch
2021-10-08 11:25:14.559389,AME,SELL,0.40000000,50.064001464843756,125.16000366210938,Stoch
2021-10-08 11:25:18.558835,BMY,BUY,23.272656506812837,0,57.150001525878906,RSI
2021-10-08 11:25:19.721027,CZR,SELL,0.47050000,54.422734138488764,115.66999816894531,Stoch
2021-10-08 11:25:21.651310,CNP,SELL,1.99920000,50.94961322021484,25.485000610351562,Stoch
2021-10-08 11:25:30.610823,EXPE,SELL,0.29350000,50.09017552947998,170.6649932861328,Stoch
2021-10-08 11:25:38.036490,IPG,SELL,1.33330000,50.09208059310913,37.56999969482422,Stoch
2021-10-08 11:25:59.326318,NTRS,SELL,75.33054527355884,0,116.38999938964844,RSI
2021-10-08 11:27:31.786429,UNP,SELL,75.53330373768762,0,215.79989624023438,RSI
2021-10-08 12:25:12.762924,AMCR,SELL,4.23730000,49.8094619849205,11.755000114440918,Stoch
2021-10-08 12:25:21.251875,CRL,SELL,0.11410000,46.77985788574218,409.989990234375,Stoch
2021-10-08 12:25:22.088898,CMG,SELL,0.02630000,48.27943522949219,1835.719970703125,Stoch
2021-10-08 12:25:31.397681,FIS,SELL,0.40660000,49.14167624816895,120.86000061035156,Stoch
2021-10-08 12:25:32.748656,FTV,SELL,0.67600000,47.73236041259766,70.61000061035156,Stoch
2021-10-08 12:25:41.773372,LEN,SELL,0.50660000,47.41775922698975,93.5999984741211,Stoch
2021-10-08 12:25:49.454673,MNST,SELL,0.53820000,48.36803547821045,89.87000274658203,Stoch
2021-10-08 12:27:52.244592,WST,SELL,0.11100000,45.56105905151367,410.4599914550781,Stoch
2021-10-08 13:25:33.994769,HUM,SELL,75.8107046857776,0,407.05999755859375,RSI
2021-10-08 13:26:54.005333,SPGI,SELL,0.11210000,48.09146104736328,429.0050048828125,Stoch
2021-10-08 13:27:00.496287,SWKS,SELL,0.28880000,46.46214541015625,160.8800048828125,Stoch
2021-10-08 13:27:41.730029,VZ,BUY,24.395702759215254,0,53.525001525878906,RSI
2021-10-11 10:25:14.994631,AMAT,BUY,0.38770000,50.00178778991699,128.97030639648438,Stoch
2021-10-11 10:25:15.512409,T,BUY,24.059472955687525,0,26.489900588989258,RSI
2021-10-11 10:25:21.228784,CINF,SELL,77.61656084494086,0,121.94000244140625,RSI
2021-10-11 10:25:22.380506,CMCSA,BUY,21.129112885986814,0,53.35499954223633,RSI
2021-10-11 10:25:30.738885,BEN,BUY,1.62600000,49.9995,30.75,Stoch
2021-10-11 10:25:30.842811,FCX,SELL,79.09539010692282,0,36.20090103149414,RSI
2021-10-11 10:25:31.731134,GNRC,BUY,0.11990000,50.00849047546387,417.0849914550781,Stoch
2021-10-11 10:25:38.591886,KLAC,BUY,0.15150000,50.01166278076172,330.1099853515625,Stoch
2021-10-11 10:26:52.794745,STE,SELL,75.42667030644073,0,220.11000061035156,RSI
2021-10-11 10:27:26.701009,VRTX,BUY,0.27730000,50.00828098449707,180.33999633789062,Stoch
2021-10-11 11:25:15.012003,AMAT,BUY,0.38920000,49.994686712646484,128.4550018310547,Stoch
2021-10-11 11:25:18.795280,CZR,BUY,0.43050000,49.99826973724365,116.13999938964844,Stoch
2021-10-11 11:25:41.846964,MHK,BUY,0.27510000,50.004928175354,181.77000427246094,Stoch
2021-10-11 11:26:21.975778,PGR,BUY,0.54370000,50.00136850891113,91.96499633789062,Stoch
2021-10-11 12:25:36.773753,JNJ,SELL,0.30350000,48.823163619995114,160.86709594726562,Stoch
2021-10-11 12:26:55.254773,SNA,SELL,0.23560000,50.741170849609375,215.3699951171875,Stoch
2021-10-11 12:27:28.922436,UAL,BUY,1.01040000,50.00247372436523,49.48780059814453,Stoch
2021-10-11 13:25:13.293178,MO,SELL,1.02550000,47.83957656478882,46.650001525878906,Stoch
2021-10-11 13:25:20.898939,CERN,SELL,0.68170000,48.30866904373169,70.86499786376953,Stoch
2021-10-11 13:25:31.671906,BEN,SELL,1.62600000,49.36536099243164,30.360000610351562,Stoch
2021-10-11 13:25:31.846876,GPS,BUY,23.398606759897646,0,22.236000061035156,RSI
2021-10-11 13:25:39.304606,LW,BUY,24.701099066978898,0,55.33000183105469,RSI
2021-10-11 14:25:16.621867,BIIB,SELL,0.16900000,48.26640103149414,285.6000061035156,Stoch
2021-10-11 14:25:30.134620,FISV,BUY,24.246085671059404,0,104.9800033569336,RSI
2021-10-11 15:25:28.033621,FAST,SELL,0.96770000,50.63974277191162,52.33000183105469,Stoch
2021-10-11 15:25:28.310040,FIS,BUY,24.17715364303821,0,116.0,RSI
2021-10-11 15:25:34.684692,IPG,BUY,1.33300000,50.000827762603755,37.5099983215332,Stoch
2021-10-11 15:25:38.334705,LDOS,SELL,0.51630000,50.5354425819397,97.87999725341797,Stoch
2021-10-11 15:25:42.606580,MCO,SELL,0.14010000,50.66016085510254,361.6000061035156,Stoch
2021-10-12 10:25:29.317779,FLT,BUY,18.80783093600303,0,251.41000366210938,RSI
2021-10-12 10:25:40.752897,MU,BUY,19.308621818040137,0,66.93000030517578,RSI
2021-10-12 10:26:46.712033,CRM,BUY,0.18010000,49.99936112060547,277.6199951171875,Stoch
2021-10-12 11:25:39.283118,LUMN,BUY,24.98051932300848,0,12.164999961853027,RSI
2021-10-12 11:27:08.189810,TFX,BUY,24.46351614250544,0,351.2200012207031,RSI
2021-10-12 11:27:53.017731,XLNX,SELL,0.32780000,51.084350799560546,155.83999633789062,Stoch
2021-10-12 12:25:12.837573,AMGN,BUY,22.22329373084699,0,203.0,RSI
2021-10-12 12:25:16.641251,BXP,SELL,75.88632165875912,0,116.1500015258789,RSI
2021-10-12 12:25:27.263082,ETSY,BUY,0.23680000,50.0026888671875,211.16000366210938,Stoch
2021-10-12 12:25:27.981702,EXR,SELL,76.52333977696973,0,177.0623016357422,RSI
2021-10-12 12:25:31.855010,GWW,BUY,0.11840000,50.019262988281255,422.4599914550781,Stoch
2021-10-12 12:26:01.469517,ORLY,BUY,0.08200000,49.974901000976566,609.4500122070312,Stoch
2021-10-12 13:25:33.710859,IDXX,BUY,0.08080000,49.9857087890625,618.635009765625,Stoch
2021-10-12 13:26:11.328999,PENN,BUY,0.67610000,49.997592936706546,73.94999694824219,Stoch
2021-10-12 13:27:09.660666,TXN,BUY,23.030210478504713,0,187.8800048828125,RSI
2021-10-12 14:25:11.694563,ALB,BUY,0.22960000,49.99080701904297,217.72999572753906,Stoch
2021-10-12 14:25:13.355624,AXP,BUY,0.28470000,49.9933217376709,175.60000610351562,Stoch
2021-10-12 14:25:25.050941,DFS,BUY,0.39040000,49.99384267578125,128.05799865722656,Stoch
2021-10-12 14:25:28.779369,EXPE,BUY,0.29390000,50.001208435058594,170.1300048828125,Stoch
2021-10-12 14:25:39.254722,LIN,BUY,0.16850000,49.990578765869145,296.67999267578125,Stoch
2021-10-12 14:27:03.312747,SYF,BUY,1.00360000,49.999351693725586,49.81999969482422,Stoch
2021-10-12 15:25:34.913311,HPQ,BUY,24.39037626147318,0,26.514999389648438,RSI
2021-10-13 10:25:12.127412,APD,SELL,77.14214486960871,0,276.6000061035156,RSI
2021-10-13 10:25:12.296715,ALK,BUY,24.462508971860657,0,56.73500061035156,RSI
2021-10-13 10:25:13.552017,AMZN,BUY,0.01530000,50.02862805175781,3269.844970703125,Stoch
2021-10-13 10:25:16.749757,ADSK,BUY,0.17700000,50.004271728515626,282.510009765625,Stoch
2021-10-13 10:25:17.638885,BAX,BUY,24.00182206755521,0,78.5199966430664,RSI
2021-10-13 10:25:18.427979,BIO,BUY,0.06950000,50.031660339355476,719.8800048828125,Stoch
2021-10-13 10:25:22.533803,CI,BUY,24.161566704156215,0,197.9199981689453,RSI
2021-10-13 10:25:25.372214,DRI,BUY,22.389110584645408,0,149.3000030517578,RSI
2021-10-13 10:25:26.943446,DISH,BUY,24.803119241418997,0,42.52000045776367,RSI
2021-10-13 10:25:27.999155,DXC,BUY,24.437311130898962,0,32.65999984741211,RSI
2021-10-13 10:25:31.341643,FRT,SELL,0.41660000,50.6169,121.5,Stoch
2021-10-13 10:25:38.084528,INTU,BUY,0.09350000,49.98650158691406,534.614990234375,Stoch
2021-10-13 10:25:38.936730,IQV,BUY,0.20600000,49.98796075439453,242.66000366210938,Stoch
2021-10-13 10:25:39.746867,JPM,BUY,21.790503212870135,0,161.5399932861328,RSI
2021-10-13 10:25:44.309084,MCD,BUY,23.500209392393984,0,241.3699951171875,RSI
2021-10-13 10:25:55.396854,NI,BUY,2.03250000,49.999500775337225,24.600000381469727,Stoch
2021-10-13 10:26:31.536867,PTC,BUY,0.41800000,50.00116114807129,119.62000274658203,Stoch
2021-10-13 10:27:38.696166,VTR,SELL,0.89300000,48.67742850112915,54.5099983215332,Stoch
2021-10-13 10:27:54.595040,WFC,BUY,20.986520810036467,0,45.5,RSI
2021-10-13 11:25:29.145599,EL,BUY,0.16050000,50.01340264892578,311.6099853515625,Stoch
2021-10-13 11:25:44.241039,MS,BUY,0.50750000,49.998898296356195,98.5199966430664,Stoch
2021-10-13 11:26:38.942427,REGN,BUY,0.09060000,49.97858532714844,551.6400146484375,Stoch
2021-10-13 11:26:43.473990,ROK,BUY,0.16640000,49.989890234375,300.4200134277344,Stoch
2021-10-13 11:27:44.152091,DIS,BUY,24.15533692238698,0,171.22000122070312,RSI
2021-10-13 12:25:11.468670,ABMD,BUY,0.14880000,50.016144726562494,336.1300048828125,Stoch
2021-10-13 12:25:14.173918,AXP,BUY,24.960310383201843,0,167.53939819335938,RSI
2021-10-13 12:25:23.773378,CTSH,BUY,0.66080000,50.002734790039064,75.66999816894531,Stoch
2021-10-13 12:25:26.202125,DAL,BUY,23.64629906976384,0,41.260101318359375,RSI
2021-10-13 12:25:32.800623,FTV,BUY,0.70860000,49.99881427001953,70.55999755859375,Stoch
2021-10-13 12:25:43.519414,MA,BUY,23.59371383752783,0,337.5899963378906,RSI
2021-10-13 12:27:42.436276,V,BUY,22.663242953990903,0,219.33999633789062,RSI
2021-10-13 13:25:22.117674,CERN,BUY,0.70690000,49.99903937301636,70.7300033569336,Stoch
2021-10-13 13:25:28.652933,DOV,BUY,0.31650000,49.99724942779541,157.9691925048828,Stoch
2021-10-13 13:25:29.514301,DD,BUY,0.71610000,50.0020408996582,69.82550048828125,Stoch
2021-10-13 13:25:41.107302,JNJ,BUY,0.31340000,50.00767176513672,159.56500244140625,Stoch
2021-10-13 13:25:41.641052,JCI,BUY,0.72480000,50.00250164794922,68.98799896240234,Stoch
2021-10-13 13:25:43.459435,KHC,BUY,1.35520000,50.00010462036133,36.89500045776367,Stoch
2021-10-13 13:28:05.548099,ZTS,BUY,0.25260000,50.00343346252441,197.9550018310547,Stoch
2021-10-13 14:25:19.027661,BLL,BUY,0.54850000,49.99577583694458,91.1500015258789,Stoch
2021-10-13 14:25:20.135110,TECH,BUY,0.10410000,49.99558802490234,480.2650146484375,Stoch
2021-10-13 14:25:24.655339,CHD,BUY,0.60220000,50.000665264892575,83.02999877929688,Stoch
2021-10-13 14:25:36.951432,HAS,BUY,0.56440000,50.00019393310547,88.58999633789062,Stoch
2021-10-13 14:25:59.171276,NKE,SELL,76.21251784497436,0,156.502197265625,RSI
2021-10-13 14:26:40.985776,QCOM,BUY,0.39890000,50.00610424346924,125.36000061035156,Stoch
2021-10-13 14:27:08.562212,SIVB,BUY,0.07530000,50.018401867675784,664.2550048828125,Stoch
2021-10-13 14:27:26.819735,TWTR,BUY,0.80180000,49.99856318740844,62.3578987121582,Stoch
2021-10-13 15:25:59.546781,NCLH,SELL,1.98490000,52.58992716579438,26.4950008392334,Stoch
2021-10-13 15:27:43.406028,VIAC,BUY,1.26650000,50.00141942024231,39.47999954223633,Stoch
2021-10-14 10:25:12.681115,ADBE,SELL,76.13876932780546,0,605.5,RSI
2021-10-14 10:25:14.074404,ALLE,BUY,0.38160000,50.00104753417968,131.02999877929688,Stoch
2021-10-14 10:25:18.424534,BAC,BUY,1.13600000,50.00103930664062,44.01499938964844,Stoch
2021-10-14 10:25:20.158236,BR,SELL,80.60204651304038,0,175.3990020751953,RSI
2021-10-14 10:25:21.016173,KMX,SELL,75.72330939793807,0,135.9499969482422,RSI
2021-10-14 10:25:25.403609,COST,BUY,0.11140000,49.99811365966797,448.81610107421875,Stoch
2021-10-14 10:25:26.884635,DLR,SELL,79.04260319234368,0,147.1300048828125,RSI
2021-10-14 10:25:27.767325,DG,BUY,0.23710000,50.00913156585693,210.9199981689453,Stoch
2021-10-14 10:25:31.467904,XOM,BUY,0.81370000,50.00251746482849,61.450801849365234,Stoch
2021-10-14 10:25:39.405927,KSU,SELL,80.00214016712223,0,291.1300048828125,RSI
2021-10-14 10:25:41.191752,LIN,SELL,75.69118049670863,0,306.2200012207031,RSI
2021-10-14 10:25:45.095772,MCO,BUY,0.13600000,50.006520996093755,367.69500732421875,Stoch
2021-10-14 10:25:48.324279,MSCI,BUY,0.08230000,49.99601429443359,607.4849853515625,Stoch
2021-10-14 10:26:08.210815,ORCL,SELL,0.55840000,53.25460953369141,95.37000274658203,Stoch
2021-10-14 10:26:09.502506,OGN,BUY,1.49930000,50.00165271224976,33.349998474121094,Stoch
2021-10-14 10:26:44.954161,RMD,BUY,0.19590000,50.003474999999995,255.25,Stoch
2021-10-14 10:27:24.783929,TYL,SELL,79.87177579352543,0,495.19000244140625,RSI
2021-10-14 10:27:27.470138,ULTA,SELL,79.66805567417292,0,404.19000244140625,RSI
2021-10-14 10:27:59.357644,XEL,SELL,76.54545879049246,0,65.19999694824219,RSI
2021-10-14 11:25:12.978554,ACN,SELL,75.99888291456641,0,337.06500244140625,RSI
2021-10-14 11:25:15.055731,ALL,BUY,0.39440000,50.00597636108398,126.79000091552734,Stoch
2021-10-14 11:25:19.508818,BAC,BUY,1.12990000,49.99807499999999,44.25,Stoch
2021-10-14 11:25:20.107243,TECH,SELL,75.56474733089289,0,496.75,RSI
2021-10-14 11:25:20.687376,BIIB,BUY,0.17540000,49.99776785888672,285.04998779296875,Stoch
2021-10-14 11:25:23.354760,CTLT,BUY,0.38420000,49.99594787597656,130.1300048828125,Stoch
2021-10-14 11:25:24.143244,CBOE,BUY,0.39790000,50.00011545715332,125.66000366210938,Stoch
2021-10-14 11:25:25.639812,CRL,BUY,0.12260000,49.98279429931641,407.69000244140625,Stoch
2021-10-14 11:25:26.943418,CINF,BUY,0.42050000,49.999551986694335,118.90499877929688,Stoch
2021-10-14 11:25:27.994101,CLX,BUY,0.30760000,49.99576712646484,162.53500366210938,Stoch
2021-10-14 11:25:31.476555,DVN,BUY,1.27130000,49.99819448547364,39.328399658203125,Stoch
2021-10-14 11:25:39.414392,GS,BUY,0.12920000,49.987479211425786,386.8999938964844,Stoch
2021-10-14 12:25:13.842065,ACN,SELL,76.535985390251,0,337.510009765625,RSI
2021-10-14 12:25:22.565655,CTLT,BUY,0.38400000,49.996798828125,130.1999969482422,Stoch
2021-10-14 12:25:25.438270,CLX,BUY,0.30710000,49.992900657653806,162.79029846191406,Stoch
2021-10-14 12:25:26.974625,STZ,BUY,0.22620000,50.007098730468755,221.07470703125,Stoch
2021-10-14 12:25:30.838564,ETN,SELL,75.45650535621755,0,158.4499969482422,RSI
2021-10-14 12:25:38.352971,IDXX,SELL,75.36464422183687,0,641.1500244140625,RSI
2021-10-14 12:25:43.316394,LKQ,SELL,78.32709413564288,0,54.83000183105469,RSI
2021-10-14 12:25:44.174072,L,BUY,0.88140000,50.001821596527094,56.72999954223633,Stoch
2021-10-14 12:25:45.055274,MMC,SELL,76.65758614919332,0,160.69000244140625,RSI
2021-10-14 12:25:46.516373,MSFT,SELL,76.91838514171683,0,301.58990478515625,RSI
2021-10-14 12:25:52.715448,NTAP,BUY,0.54040000,50.00051082458496,92.5250015258789,Stoch
2021-10-14 12:25:56.453594,NWSA,BUY,2.08330000,49.9992,24.0,Stoch
2021-10-14 12:25:58.742299,NLSN,BUY,2.55300000,50.00050266265869,19.584999084472656,Stoch
2021-10-14 14:25:14.574800,ACN,SELL,77.82457281921664,0,338.364990234375,RSI
2021-10-14 14:25:15.682992,ALB,SELL,76.32780518302593,0,231.4199981689453,RSI
2021-10-14 14:25:16.769479,AEE,SELL,75.32666152085667,0,83.70999908447266,RSI
2021-10-14 14:25:21.073823,BLK,SELL,77.9808920748649,0,895.1400146484375,RSI
2021-10-14 14:25:30.202091,ETN,SELL,77.12331270611365,0,159.44000244140625,RSI
2021-10-14 14:25:43.721668,MMC,SELL,76.0816847241046,0,160.72000122070312,RSI
2021-10-14 14:25:45.312232,MSFT,SELL,76.96819993869008,0,301.8500061035156,RSI
2021-10-14 14:26:04.501070,NVR,SELL,76.60397041838678,0,4979.0,RSI
2021-10-14 14:27:39.403266,VRSN,SELL,75.52820904525703,0,214.47999572753906,RSI
2021-10-15 12:54:34.905302,ACN,SELL,79.29477421469431,0,340.8399963378906,RSI
2021-10-15 12:54:36.880302,AMZN,SELL,81.02311711627198,0,3380.06494140625,RSI
2021-10-15 12:54:40.892612,BLL,SELL,0.54850000,49.97383533477783,91.11000061035156,Stoch
2021-10-15 12:54:41.824849,BLK,SELL,75.97826053784863,0,906.739990234375,RSI
2021-10-15 12:54:43.894701,CARR,SELL,75.12663454951782,0,53.595001220703125,RSI
2021-10-15 12:54:44.547615,CE,SELL,75.2586089191602,0,165.85000610351562,RSI
2021-10-15 12:54:46.607688,CB,SELL,0.27970000,50.9054,182.0,Stoch
2021-10-15 12:56:54.609258,ACN,SELL,79.17927366643337,0,340.7699890136719,RSI
2021-10-15 12:56:56.724664,AMZN,SELL,81.46721302234111,0,3382.989990234375,RSI
2021-10-15 12:57:01.341688,BLK,SELL,76.08602147755826,0,907.0449829101562,RSI
2021-10-15 12:57:03.455367,CARR,SELL,75.10632331561084,0,53.56999969482422,RSI
2021-10-15 12:57:04.063701,CE,SELL,75.01608852720608,0,165.82000732421875,RSI
2021-10-15 12:57:08.379291,CCI,SELL,0.28850000,49.05077123260498,170.02000427246094,Stoch
2021-10-15 12:57:10.858441,DOV,SELL,77.85708914388269,0,165.14999389648438,RSI
2021-10-15 12:57:11.734115,ETN,SELL,79.46612498686129,0,161.46189880371094,RSI
2021-10-15 12:57:12.915088,EQIX,SELL,75.11288275944865,0,782.97998046875,RSI
2021-10-15 12:57:14.474075,FAST,SELL,76.36788482593569,0,55.79999923706055,RSI
2021-10-15 12:57:16.702832,GNRC,SELL,82.53450051589864,0,455.55999755859375,RSI
2021-10-15 12:57:17.868473,GILD,SELL,0.69840000,47.42834655761719,67.91000366210938,Stoch
2021-10-15 12:57:21.076034,IR,SELL,75.82025728769781,0,52.70000076293945,RSI
2021-10-15 12:57:30.984671,JBHT,SELL,88.97540317775649,0,191.7899932861328,RSI
2021-10-15 12:57:42.095642,KHC,SELL,1.35520000,50.09496820678711,36.96500015258789,Stoch
2021-10-15 12:58:02.765758,MMC,SELL,79.77345161507952,0,162.32000732421875,RSI
2021-10-15 12:58:03.956491,MAS,SELL,80.17364597279966,0,59.220001220703125,RSI
2021-10-15 12:59:20.668095,ROP,SELL,75.02258490407212,0,467.9649963378906,RSI
2021-10-15 13:25:23.004563,CBOE,SELL,0.39790000,49.57435954284668,124.58999633789062,Stoch
2021-10-15 13:25:26.385543,KO,SELL,0.91810000,49.93086695899964,54.3849983215332,Stoch
2021-10-15 13:25:26.496431,CTSH,SELL,75.36767305597931,0,78.06999969482422,RSI
2021-10-15 13:25:27.966429,CTRA,BUY,23.261865570791713,0,20.350000381469727,RSI
2021-10-15 13:26:48.145901,REGN,SELL,0.09060000,50.225014672851565,554.3599853515625,Stoch
2021-10-15 14:25:15.123682,AFL,SELL,76.61995666320496,0,55.948299407958984,RSI
2021-10-15 14:25:15.923063,ALLE,SELL,75.98976167528826,0,134.38499450683594,RSI
2021-10-15 14:25:16.591687,AMCR,SELL,76.97395894664669,0,12.069999694824219,RSI
2021-10-15 14:25:35.141036,FLT,SELL,77.56060919790578,0,271.3599853515625,RSI
2021-10-15 14:25:37.786025,HAS,SELL,76.10345179459398,0,93.0,RSI
2021-10-15 14:25:39.793324,ITW,SELL,76.7815636564911,0,224.52479553222656,RSI
2021-10-15 14:25:42.562100,KEYS,SELL,77.15623066862076,0,169.35499572753906,RSI
2021-10-15 14:25:44.654109,LKQ,SELL,76.37458865794386,0,55.6150016784668,RSI
2021-10-15 14:25:46.554504,MDT,SELL,77.49492498214414,0,128.07000732421875,RSI
2021-10-15 14:26:02.246283,NVDA,SELL,75.24857992008147,0,218.8800048828125,RSI
2021-10-15 14:27:08.618228,TROW,SELL,75.07064419015809,0,201.27999877929688,RSI
2021-10-15 14:27:23.506833,TWTR,SELL,0.80180000,50.31695985641479,62.755001068115234,Stoch
2021-10-15 15:25:34.387336,GS,SELL,75.95614424464517,0,405.5010070800781,RSI
2021-10-15 15:27:34.612729,UA,SELL,2.70640000,48.3498353805542,17.864999771118164,Stoch
2021-10-18 11:01:59.925773,JNJ,SELL,0.31340000,50.261902786254886,160.37620544433594,Stoch
2021-10-18 11:02:00.674795,F,SELL,3.44590000,53.532055974197384,15.53499984741211,Stoch
2021-10-18 11:02:01.305207,CCL,SELL,1.93090000,44.47828120536804,23.03499984741211,Stoch
2021-10-18 11:02:02.032151,DOV,SELL,0.31650000,52.57381519317627,166.11000061035156,Stoch
2021-10-18 11:02:02.609945,CTSH,SELL,0.66080000,52.038000000000004,78.75,Stoch
2021-10-18 11:02:03.271560,EBAY,SELL,0.68340000,50.66044012298584,74.12999725341797,Stoch
2021-10-18 11:02:03.884421,EIX,SELL,0.88980000,50.84317145690918,57.13999938964844,Stoch
2021-10-18 11:02:04.466129,EXC,SELL,1.00700000,50.188880153656,49.84000015258789,Stoch
2021-10-18 11:02:05.083466,INTU,SELL,0.09350000,51.792922271728514,553.9349975585938,Stoch
2021-10-18 11:02:05.742951,JCI,SELL,0.72480000,51.710856884765626,71.34500122070312,Stoch
2021-10-18 11:04:29.310565,BIO,SELL,0.06950000,50.48758016967774,726.4400024414062,Stoch
2021-10-18 11:04:29.908628,K,SELL,0.77720000,47.90660752563477,61.63999938964844,Stoch
2021-10-18 11:04:30.594003,GOOG,SELL,0.01850000,52.525199096679685,2839.199951171875,Stoch
2021-10-18 11:04:31.277677,AMZN,SELL,0.01530000,52.06620629882812,3403.02001953125,Stoch
2021-10-18 11:04:32.008342,BKNG,SELL,0.02140000,53.84047211914062,2515.909912109375,Stoch
2021-10-18 11:04:32.674128,ESS,SELL,0.15410000,51.47094250488281,334.010009765625,Stoch
2021-10-18 11:04:33.580271,FLT,SELL,0.18760000,50.55118103027343,269.46258544921875,Stoch
2021-10-18 11:04:34.705785,CRM,SELL,0.18010000,52.71346943969727,292.69000244140625,Stoch
2021-10-18 11:04:35.402545,VIAC,SELL,1.26650000,49.17186346626281,38.82500076293945,Stoch
2021-10-18 11:04:35.943295,HUM,SELL,0.12360000,54.254221508789065,438.95001220703125,Stoch
2021-10-18 11:15:11.078564,ANTM,SELL,0.13300000,52.133341461181644,391.9800109863281,Stoch
2021-10-18 11:15:11.758263,CNC,SELL,0.79050000,51.18202835083008,64.74639892578125,Stoch
2021-10-18 11:15:12.531948,T,SELL,1.82880000,46.725657220458984,25.54990005493164,Stoch
2021-10-18 11:15:13.402429,BKR,SELL,2.10930000,56.455413212585455,26.764999389648438,Stoch
2021-10-18 11:15:14.073299,BXP,SELL,0.45280000,52.73929202880859,116.47370147705078,Stoch
2021-10-18 11:15:14.866837,CVS,SELL,0.58970000,50.18936735992432,85.11000061035156,Stoch
2021-10-18 11:15:15.647970,GNRC,SELL,0.11990000,54.59886241455079,455.3699951171875,Stoch
2021-10-18 11:15:16.311430,PG,SELL,0.34780000,49.85886751403809,143.35499572753906,Stoch
2021-10-18 11:15:16.896370,ATO,SELL,0.56670000,52.29507530822754,92.27999877929688,Stoch
2021-10-18 11:15:17.573310,AVB,SELL,0.22320000,51.52572136230469,230.85000610351562,Stoch
2021-10-18 11:17:11.932491,MAA,SELL,0.26500000,52.50842613220215,198.14500427246094,Stoch
2021-10-18 11:17:12.615593,ALL,SELL,0.39440000,49.867936962890624,126.44000244140625,Stoch
2021-10-18 11:17:13.239700,BAC,SELL,1.12990000,52.64204117240905,46.59000015258789,Stoch
2021-10-18 11:17:14.306860,FANG,SELL,0.62100000,68.99620708465577,111.1050033569336,Stoch
2021-10-18 11:17:14.891258,AMAT,SELL,0.38920000,51.3744,132.0,Stoch
2021-10-18 11:17:15.623525,BWA,SELL,1.13610000,52.14131002006531,45.89500045776367,Stoch
2021-10-18 11:17:16.329968,EOG,SELL,0.68750000,61.94374895095825,90.0999984741211,Stoch
2021-10-18 11:17:17.051295,STX,SELL,0.59970000,49.11543091506958,81.9000015258789,Stoch
2021-10-18 11:17:17.628980,LNT,SELL,0.88250000,48.98316344261169,55.505001068115234,Stoch
2021-10-18 11:17:18.165606,FCX,SELL,1.51790000,58.08244257354736,38.26499938964844,Stoch
2021-10-18 11:18:36.692517,ACN,SELL,0.15450000,53.035213302612306,343.2699890136719,Stoch
2021-10-18 11:18:37.358760,GRMN,SELL,0.29820000,47.07385218200684,157.86000061035156,Stoch
2021-10-18 11:18:37.959664,DFS,SELL,0.39040000,50.9823345703125,130.58999633789062,Stoch
2021-10-18 11:18:38.632819,HAS,SELL,0.56440000,52.52306262207031,93.05999755859375,Stoch
2021-10-18 11:18:39.170629,LIN,SELL,0.16850000,51.876094177246095,307.8699951171875,Stoch
2021-10-18 11:18:39.806959,CLX,SELL,0.30710000,49.79933712463379,162.16000366210938,Stoch
2021-10-18 11:18:40.640049,IDXX,SELL,0.08080000,50.92985659179687,630.3200073242188,Stoch
2021-10-18 11:18:41.465170,DXC,SELL,1.43860000,50.12082421951294,34.84000015258789,Stoch
2021-10-18 11:18:41.975255,HSY,SELL,0.28810000,51.80038087921143,179.8000030517578,Stoch
2021-10-18 11:18:42.590733,GS,SELL,0.12920000,53.44745505371094,413.67999267578125,Stoch
2021-10-18 11:19:43.620918,JPM,SELL,0.30110000,50.514009155273435,167.764892578125,Stoch
2021-10-18 11:19:44.182011,ALK,SELL,0.88400000,50.94492094421387,57.630001068115234,Stoch
2021-10-18 11:19:44.801898,XRAY,SELL,0.84550000,47.91448345184326,56.66999816894531,Stoch
2021-10-18 11:19:45.358578,IT,SELL,0.15970000,50.45561838989258,315.94000244140625,Stoch
2021-10-18 11:19:46.101179,ICE,SELL,0.42370000,54.89457096557617,129.55999755859375,Stoch
2021-10-18 11:19:46.795286,NTAP,SELL,0.54040000,49.50604432983398,91.61000061035156,Stoch
2021-10-18 11:19:47.419951,AJG,SELL,0.33020000,53.42966119384766,161.80999755859375,Stoch
2021-10-18 11:19:48.176217,BAX,SELL,0.61300000,48.37183224487305,78.91000366210938,Stoch
2021-10-18 11:19:48.737598,CHD,SELL,0.60220000,50.253588162231445,83.44999694824219,Stoch
2021-10-18 11:19:49.410175,ABC,SELL,0.40610000,48.58783313674927,119.6449966430664,Stoch
2021-10-18 11:21:19.085476,BBWI,SELL,0.76150000,50.15239046478271,65.86000061035156,Stoch
2021-10-18 11:21:19.646105,CERN,SELL,0.70690000,50.10507005844116,70.87999725341797,Stoch
2021-10-18 11:21:20.284177,AXP,SELL,0.28470000,50.43745304260254,177.16000366210938,Stoch
2021-10-18 11:21:20.887036,CRL,SELL,0.12260000,50.02264079589844,408.0150146484375,Stoch
2021-10-18 11:21:21.489855,AAL,SELL,2.36070000,47.08416077957153,19.94499969482422,Stoch
2021-10-18 11:21:22.258741,DD,SELL,0.71610000,51.647707232666015,72.12359619140625,Stoch
2021-10-18 11:21:23.089321,CTVA,SELL,1.16590000,50.64669439888,43.439998626708984,Stoch
2021-10-18 11:21:23.883156,FMC,SELL,0.54910000,50.56387299728394,92.08499908447266,Stoch
2021-10-18 11:21:24.465510,LEG,SELL,1.06270000,49.12862051353454,46.22999954223633,Stoch
2021-10-18 11:21:25.064451,L,SELL,0.88140000,50.6232102104187,57.435001373291016,Stoch
2021-10-18 11:22:48.950461,HD,SELL,0.14970000,52.86506019287109,353.1400146484375,Stoch
2021-10-18 11:22:49.535291,USB,SELL,0.88750000,54.0265625,60.875,Stoch
2021-10-18 11:22:50.153429,NWSA,SELL,2.08330000,49.57212365894318,23.795000076293945,Stoch
2021-10-18 11:22:50.876424,CI,SELL,0.24560000,50.306248449707034,204.8300018310547,Stoch
2021-10-18 11:22:51.538781,MSCI,SELL,0.08230000,50.563474401855466,614.3800048828125,Stoch
2021-10-18 11:22:52.276436,ADI,SELL,0.29240000,50.73724924926758,173.52000427246094,Stoch
2021-10-18 11:22:52.906237,CZR,SELL,0.43050000,48.24613486862182,112.06999969482422,Stoch
2021-10-18 11:22:53.724991,COF,SELL,0.31650000,53.960086738586426,170.49000549316406,Stoch
2021-10-18 11:22:54.321205,CTAS,SELL,0.12670000,53.087300000000006,419.0,Stoch
2021-10-18 11:22:54.961061,RE,SELL,0.19650000,55.0848423614502,280.3299865722656,Stoch
2021-10-18 11:25:00.682437,ENPH,SELL,0.32270000,57.556772196960445,178.36000061035156,Stoch
2021-10-18 11:25:01.290606,ABMD,SELL,0.14880000,52.341889453125,351.760009765625,Stoch
2021-10-18 11:25:02.037948,ADP,SELL,0.25180000,53.7127176147461,213.31500244140625,Stoch
2021-10-18 11:25:02.904843,GPS,SELL,2.09640000,46.6027631149292,22.229900360107422,Stoch
2021-10-18 11:25:03.553139,HLT,SELL,0.38500000,55.56320281982422,144.32000732421875,Stoch
2021-10-18 11:25:04.335094,MDLZ,SELL,0.82808500,49.73478623720169,60.060001373291016,Stoch
2021-10-18 11:25:04.940430,PEP,SELL,0.32320000,51.26275219726562,158.61000061035156,Stoch
2021-10-18 11:25:05.652182,BIIB,SELL,0.17540000,47.80176178588867,272.5299987792969,Stoch
2021-10-18 11:25:06.462705,COST,SELL,0.11140000,51.02788372802734,458.05999755859375,Stoch
2021-10-18 11:25:07.036797,LUMN,SELL,3.92110000,47.79820735464096,12.1899995803833,Stoch
2021-10-18 11:26:30.050878,ADM,SELL,0.82900000,53.346148735046384,64.3499984741211,Stoch
2021-10-18 11:26:30.651232,GLW,SELL,1.32500000,50.31687297821045,37.974998474121094,Stoch
2021-10-18 11:26:31.331425,ABT,SELL,0.39790000,46.669691364288326,117.29000091552734,Stoch
2021-10-18 11:26:32.076132,BMY,SELL,0.82440000,47.59673450317383,57.73500061035156,Stoch
2021-10-18 11:26:32.714737,DLTR,SELL,0.58190000,58.035796855163575,99.73500061035156,Stoch
2021-10-18 11:26:33.313831,GPN,SELL,0.30460000,48.65071237182617,159.72000122070312,Stoch
2021-10-18 11:26:33.985654,KR,SELL,1.25410000,49.02904103088379,39.095001220703125,Stoch
2021-10-18 11:26:34.610329,ED,SELL,0.68580000,50.0119670928955,72.92500305175781,Stoch
2021-10-18 11:26:35.168076,FBHS,SELL,0.53640000,51.31202596435547,95.66000366210938,Stoch
2021-10-18 11:26:35.830595,KIM,SELL,2.28210000,52.03187825889587,22.799999237060547,Stoch
2021-10-18 11:27:52.195546,MLM,SELL,0.14000000,52.406198120117196,374.3299865722656,Stoch
2021-10-18 11:27:53.028111,SRE,SELL,0.38160000,48.913485205078125,128.17999267578125,Stoch
2021-10-18 11:27:53.832950,FTV,SELL,0.70860000,51.3735,72.5,Stoch
2021-10-18 11:27:54.468165,DVA,SELL,0.41120000,45.73366450195313,111.22000122070312,Stoch
2021-10-18 11:27:55.204778,DHI,SELL,0.57540000,50.479843931579595,87.7300033569336,Stoch
2021-10-18 11:27:55.779909,ES,SELL,0.60830000,52.17388895797729,85.7699966430664,Stoch
2021-10-18 11:27:56.391603,GPC,SELL,0.40210000,51.392400018310546,127.80999755859375,Stoch
2021-10-18 11:27:57.158427,ALB,SELL,0.22960000,54.17411929931641,235.9499969482422,Stoch
2021-10-18 11:27:57.996838,MTCH,SELL,0.31790000,49.621009835815435,156.08999633789062,Stoch
2021-10-18 11:27:58.532213,CTXS,SELL,0.46160000,45.26449487304688,98.05999755859375,Stoch
2021-10-18 11:28:59.846585,EXPE,SELL,0.29390000,50.080558206176754,170.39999389648438,Stoch
2021-10-18 11:29:00.446631,LVS,SELL,1.33050000,53.04703357887268,39.869998931884766,Stoch
2021-10-18 11:29:01.022754,LYV,SELL,0.53120000,53.645886865234374,100.98999786376953,Stoch
2021-10-18 11:29:01.699303,CHTR,SELL,0.06790000,48.0053,707.0,Stoch
2021-10-18 11:29:02.537976,HPQ,SELL,1.79280000,51.55196249542236,28.7549991607666,Stoch
2021-10-18 11:29:03.113555,IPG,SELL,1.33300000,50.947261627197264,38.220001220703125,Stoch
2021-10-18 11:29:03.787456,UNP,SELL,0.25040000,56.66426754150391,226.2949981689453,Stoch
2021-10-18 11:29:04.394077,WAB,SELL,0.56750000,51.88652517318726,91.43000030517578,Stoch
2021-10-18 11:29:05.102302,CSX,SELL,1.64930000,56.59572723503113,34.314998626708984,Stoch
2021-10-18 11:29:05.678942,MA,SELL,0.14090000,49.99880015258789,354.85308837890625,Stoch
2021-10-18 11:30:28.031788,BSX,SELL,1.13770000,48.86990558319091,42.95500183105469,Stoch
2021-10-18 11:30:28.744590,CE,SELL,0.32500000,53.33899841308594,164.1199951171875,Stoch
2021-10-18 11:30:29.288567,NTRS,SELL,0.45750000,55.83330041885376,122.04000091552734,Stoch
2021-10-18 11:30:29.958542,OGN,SELL,1.49930000,52.55046385612488,35.04999923706055,Stoch
2021-10-18 11:30:30.632456,PVH,SELL,0.46100000,50.25361098480225,109.01000213623047,Stoch
2021-10-18 11:30:31.357789,WRK,SELL,0.98000000,47.2457991027832,48.209999084472656,Stoch
2021-10-18 11:30:32.135048,LNC,SELL,0.71250000,51.80587434768677,72.70999908447266,Stoch
2021-10-18 11:30:32.722864,SYF,SELL,1.00360000,51.275631632995605,51.09170150756836,Stoch
2021-10-18 11:30:33.438092,GOOGL,SELL,0.01850000,52.491527832031245,2837.3798828125,Stoch
2021-10-18 11:30:34.180015,FISV,SELL,0.45870000,50.509749520111086,110.11499786376953,Stoch
2021-10-18 11:31:53.756825,ARE,SELL,0.25870000,51.9573070526123,200.83999633789062,Stoch
2021-10-18 11:31:54.571104,PNW,SELL,0.68180000,45.462424208068846,66.68000030517578,Stoch
2021-10-18 11:31:55.154296,PPG,SELL,0.34390000,54.70073316040039,159.05999755859375,Stoch
2021-10-18 11:31:55.734909,ROP,SELL,0.11120000,51.9304,467.0,Stoch
2021-10-18 11:31:56.447711,BDX,SELL,0.20490000,49.29279450073242,240.57000732421875,Stoch
2021-10-18 11:31:57.066710,MCO,SELL,0.13600000,50.48592016601563,371.2200012207031,Stoch
2021-10-18 11:31:57.668456,UDR,SELL,0.93370000,50.615876145172116,54.209999084472656,Stoch
2021-10-18 11:31:58.329615,V,SELL,0.22110000,51.03231312561035,230.81100463867188,Stoch
2021-10-18 11:31:58.905057,WELL,SELL,0.60470000,50.365463553619385,83.29000091552734,Stoch
2021-10-18 11:31:59.463651,JKHY,SELL,0.30300000,51.61038354492187,170.331298828125,Stoch
2021-10-18 11:33:14.743734,KMI,SELL,2.95600000,55.11816773223877,18.64620018005371,Stoch
2021-10-18 11:33:15.544494,LRCX,SELL,0.08930000,50.32323161621094,563.530029296875,Stoch
2021-10-18 11:33:16.137646,PWR,SELL,0.44110000,49.81342313461304,112.93000030517578,Stoch
2021-10-18 11:33:16.759671,UAA,SELL,2.34030000,47.5665992855072,20.325000762939453,Stoch
2021-10-18 11:33:17.465950,ROST,SELL,0.45830000,49.64993008041382,108.33499908447266,Stoch
2021-10-18 11:33:18.340149,KLAC,SELL,0.15150000,49.349608520507815,325.739990234375,Stoch
2021-10-18 11:33:18.978169,VRTX,SELL,0.27730000,49.83080915374756,179.6999969482422,Stoch
2021-10-18 11:33:19.633639,MHK,SELL,0.27510000,50.97327715301514,185.2899932861328,Stoch
2021-10-18 11:33:20.202967,PGR,SELL,0.54370000,49.15591899108886,90.41000366210938,Stoch
2021-10-18 11:33:20.965662,UAL,SELL,1.01040000,48.084936154174805,47.59000015258789,Stoch
2021-10-18 11:34:34.587005,ETSY,SELL,0.23680000,54.028288867187506,228.16000366210938,Stoch
2021-10-18 11:34:35.221920,GWW,SELL,0.11840000,51.154718554687506,432.04998779296875,Stoch
2021-10-18 11:34:35.867754,ORLY,SELL,0.08200000,52.407018798828126,639.1099853515625,Stoch
2021-10-18 11:34:36.607427,PENN,SELL,0.67610000,51.78418842468262,76.59249877929688,Stoch
2021-10-18 11:34:37.133272,ADSK,SELL,0.17700000,51.69678021240234,292.07220458984375,Stoch
2021-10-18 11:34:37.883552,IQV,SELL,0.20600000,51.06739874267578,247.89999389648438,Stoch
2021-10-18 11:34:38.551410,NI,SELL,2.03250000,50.111288895607,24.655000686645508,Stoch
2021-10-18 11:34:39.391570,EL,SELL,0.16050000,50.94109735107422,317.3900146484375,Stoch
2021-10-18 11:34:40.343642,MS,SELL,0.50750000,52.05935092926025,102.58000183105469,Stoch
2021-10-18 11:34:40.985512,ROK,SELL,0.16640000,52.357758984374996,314.6499938964844,Stoch
2021-10-18 11:35:48.230239,ZTS,SELL,0.25260000,51.093403079223634,202.27000427246094,Stoch
2021-10-18 11:35:48.885357,TECH,SELL,0.10410000,51.91467127075195,498.70001220703125,Stoch
2021-10-18 11:35:49.625592,QCOM,SELL,0.39890000,51.813601608276365,129.89120483398438,Stoch
2021-10-18 11:35:50.296607,SIVB,SELL,0.07530000,51.99314252929688,690.47998046875,Stoch
2021-10-18 11:35:50.877788,ALLE,SELL,0.38160000,51.45494260253906,134.83999633789062,Stoch
2021-10-18 11:35:51.525221,DG,SELL,0.23710000,50.69435042114258,213.80999755859375,Stoch
2021-10-18 11:35:52.136796,RMD,SELL,0.19590000,50.081833804321285,255.64999389648438,Stoch
2021-10-18 11:35:52.757311,CTLT,SELL,0.38400000,49.695357421875,129.4149932861328,Stoch
2021-10-18 11:35:53.409768,CINF,SELL,0.42050000,49.63161448669433,118.02999877929688,Stoch
2021-10-18 11:35:54.172653,DVN,SELL,1.27130000,52.08821296577454,40.9724006652832,Stoch
2021-10-18 11:37:44.632318,STZ,SELL,0.22620000,49.372674966430665,218.27000427246094,Stoch
2021-10-18 11:37:45.484324,NLSN,SELL,2.55300000,50.115387857437135,19.6299991607666,Stoch
2021-10-18 12:25:08.414918,BIIB,BUY,0.18450000,49.99027725219727,270.95001220703125,RSI
2021-10-18 12:25:11.881775,CF,BUY,51.16387006436282,0,60.45500183105469,Stoch
2021-10-18 12:25:16.853301,DISCK,BUY,50.32584282693458,0,24.280000686645508,Stoch
2021-10-18 12:25:22.365174,GPS,BUY,53.68925036716,0,22.684999465942383,Stoch
2021-10-18 12:25:22.924710,GE,BUY,56.25319326384241,0,104.3499984741211,Stoch
2021-10-18 12:25:23.753126,GILD,BUY,0.75260000,50.002745837402344,66.44000244140625,RSI
2021-10-18 12:25:25.746683,HWM,BUY,51.31719334410743,0,31.40999984741211,Stoch
2021-10-18 14:25:10.758285,CTLT,BUY,51.674281443122815,0,129.36500549316406,Stoch
